"station_id","sample_year","cruise_id","haul_date","eq_time","eq_latitude","eq_longitude","effort","effort_units","Pink Salmon_J","Sand lance, unident._A1+","Chinook Salmon_J","Pacific Cod_A0","Pacific Herring_A1+","Chum Salmon_J","Pollock_A0","Northern Sea Nettle_U","Sand lance, unident._A0","Coho Salmon_J","Capelin_U","Rainbow Smelt_U","Rainbow Smelt_A0","Saffron Cod_A1+","Saffron Cod_A0","Cyanea sp._U","Whitecross jelly_U","Sockeye Salmon_J","Aequorea  sp._U","Capelin_A0","Fried egg jellyfish_U","Pacific Herring_A0","Aurelia sp._U","Saffron Cod_All","Pacific Herring_All","Capelin_All","Sand Lance_All","Rainbow Smelt_All","Forage","Jellyfish","Lat","Lon","doy","Pacific Herring_U","Arctic Sand Lance_U","Lions mane_U","Pacific Cod_A1+","Sand lance, unident._U","Aurelia labiata_U","Brownbanded Moon Jelly_U","Saffron Cod_U","Capelin_A1+","Rainbow Smelt_A1+","Arctic Sand Lance_A1+","Fried egg jelly_U","Aurelia aurita_U","Arctic Sand Lance_A0","Chrysaora jellyfish_U"
20260201001,2026,"NW2601",2026-08-27,2026-08-27 17:17:46.517,60.0102,-168.0414,0.157633667385521,"km2",0.282,0.197,0.265,0.005,24.924,2.649,0.058,20.95,0,0,0,0,0,0,0,0,0,0,0,0,0,0,0,0,24.924,0,0,0,28.183,20.95,60.0102,-168.0414,239,0,0,0,0,0,0,0,0,0,0,0,0,0,0,0
20260201002,2026,"NW2601",2026-08-29,2026-08-29 00:56:45.058,59.9957,-169.1363,0.184320486898955,"km2",0,0,0,0.006,0.117,0,0.373,63.34,0,0,0,0,0,0,0,0,0,0,0,0,0,0,0,0,0.117,0,0,0,0.496,63.34,59.9957,-169.1363,241,0,0,0,0,0,0,0,0,0,0,0,0,0,0,0
20260201003,2026,"NW2601",2026-08-29,2026-08-29 17:24:47.764,60.0053,-170.0915,0.149655742064065,"km2",0,0,0.129,0.022,0,0,41.022,21.89,0,0,0,0,0,0,0,0,0,0,0,0,0,0,0,0,0,0,0,0,41.173,21.89,60.0053,-170.0915,241,0,0,0,0,0,0,0,0,0,0,0,0,0,0,0
20260201004,2026,"NW2601",2026-08-29,2026-08-29 22:44:47.918,60.0393,-170.9849,0.150919100151228,"km2",0,0,0,0,0,0.21,9.002,29.03,0,0,0,0,0,0,0,0,0,0,0,0,0,0,0,0,0,0,0,0,9.212,29.03,60.0393,-170.9849,241,0,0,0,0,0,0,0,0,0,0,0,0,0,0,0
20260201005,2026,"NW2601",2026-08-30,2026-08-30 03:35:18.391,60.4894,-170.9189,0.157686398476718,"km2",0,0,0,0.005,0,0,0.287,77.18,0,0,0,0,0,0,0,0,0,0,0,0,0,0,0,0,0,0,0,0,0.292,77.18,60.4894,-170.9189,242,0,0,0,0,0,0,0,0,0,0,0,0,0,0,0
20260201006,2026,"NW2601",2026-08-30,2026-08-30 17:04:06.899,60.4985,-169.9068,0.162361276467088,"km2",0.241,0,0.546,0.001,0.309,0.383,0.039,175.19,0.002,0,0,0,0,0,0,0,0,0,0,0,0,0,0,0,0.309,0,0.002,0,1.519,175.19,60.4985,-169.9068,242,0,0,0,0,0,0,0,0,0,0,0,0,0,0,0
20260201007,2026,"NW2601",2026-08-30,2026-08-30 21:26:53.419,60.4981,-168.8781,0.184694011524424,"km2",1.576,0,0,0.02,0.161,6.914,0.14,24.2,0.002,0,0,0,0,0,0,0,0,0,0,0,0,0,0,0,0.161,0,0.002,0,8.811,24.2,60.4981,-168.8781,242,0,0,0,0,0,0,0,0,0,0,0,0,0,0,0
20260201008,2026,"NW2601",2026-08-31,2026-08-31 01:46:11.643,60.4882,-167.9833,0.134380536038957,"km2",0.069,0,0.696,0,80.874,17.096,0.007,4.13,0,0.817,0.001,0,0,0,0,0,0,0,0,0,0,0,0,0,80.874,0.001,0,0,99.56,4.13,60.4882,-167.9833,243,0,0,0,0,0,0,0,0,0,0,0,0,0,0,0
20260201009,2026,"NW2601",2026-08-31,2026-08-31 16:49:15.63,60.5448,-167.02,0.17360284200723,"km2",0,4.3129,0.607,0,67.5236,2.512,0,2.02,0,1.829,0,0.505,0.3035,0.042,0.006,0,0,0,0,0,0,0,0,0.048,67.5236,0,0,0.8085,73.3281,2.02,60.5448,-167.02,243,0,0,0,0,0,0,0,0,0,0,0,0,0,0,0
20260201010,2026,"NW2601",2026-08-31,2026-08-31 21:16:00.084,60.9924,-167.0605,0.141186333081674,"km2",0,0.13,0.119,0,11.2914,0.213,0,4.75,0,0.353,0,0.166,0.521,0,0.6338,0.74,0.029,0,0,0,0,0,0,0.6338,11.2914,0,0,0.687,13.2972,5.519,60.9924,-167.0605,243,0,0,0,0,0,0,0,0,0,0,0,0,0,0,0
20260201011,2026,"NW2601",2026-09-01,2026-09-01 01:43:15.465,60.9988,-168.0775,0.192953516087266,"km2",0.103,0.012,0.598,0,17.142,9.328,0.253,5.88,0,0.279,0,0,0,0,0,0,0,0,0,0,0,0,0,0,17.142,0,0,0,27.703,5.88,60.9988,-168.0775,244,0,0,0,0,0,0,0,0,0,0,0,0,0,0,0
20260201012,2026,"NW2601",2026-09-01,2026-09-01 16:58:34.035,61.0082,-169.1254,0.177409570898719,"km2",0.053,0,0.356,0.031,0.725,0.109,0.736,78.38,0.001,4.116,0.085,0,0,0,0.048,0,0,0,0,0,0,0,0,0.048,0.725,0.085,0.001,0,6.259,78.38,61.0082,-169.1254,244,0,0,0,0,0,0,0,0,0,0,0,0,0,0,0
20260201013,2026,"NW2601",2026-09-01,2026-09-01 21:16:02.486,61.0126,-170.0789,0.136742146389869,"km2",0,0,0,0.02,0,0,0.043,154.29,0.001,0,0,0,0,0,0.003,0,0,0,0,0,0,0,0,0.003,0,0,0.001,0,0.066,154.29,61.0126,-170.0789,244,0,0,0,0,0,0,0,0,0,0,0,0,0,0,0
20260201014,2026,"NW2601",2026-09-02,2026-09-02 01:43:16.85,60.9937,-171.0785,0.177301552602678,"km2",0.659,0,0.43,0.038,0,1.125,14.965,36.21,0,0,0,0,0,0,0,0,0,0.085,0,0,0,0,0,0,0,0,0,0,17.302,36.21,60.9937,-171.0785,245,0,0,0,0,0,0,0,0,0,0,0,0,0,0,0
20260201015,2026,"NW2601",2026-09-02,2026-09-02 16:51:32.844,61.5087,-168.9453,0.108939255233807,"km2",0,0,0.314,0.008,1.326,0,0.571,455.91,0,1.225,0.204,0,0,0,0.01,0,0,0,0,0,0,0,0,0.01,1.326,0.204,0,0,3.658,455.91,61.5087,-168.9453,245,0,0,0,0,0,0,0,0,0,0,0,0,0,0,0
20260201016,2026,"NW2601",2026-09-02,2026-09-02 21:23:34.187,61.5148,-167.9263,0.190457817630571,"km2",0,0,0,0.002,18.335,0.473,0,11.63,0,0.235,0,0.254,0,2.118,0,0,0,0,0,0,0,0,0,2.118,18.335,0,0,0.254,21.417,11.63,61.5148,-167.9263,245,0,0,0,0,0,0,0,0,0,0,0,0,0,0,0
20260201017,2026,"NW2601",2026-09-03,2026-09-03 01:45:38.71,61.5109,-167.0706,0.177596554121376,"km2",0,0.018,0.315,0,25.121,2.702,0,2.05,0,1.691,0,0.701,0.046,1.557,0.036,0.34,0,0,0,0,0,0,0,1.593,25.121,0,0,0.747,32.169,2.39,61.5109,-167.0706,246,0,0,0,0,0,0,0,0,0,0,0,0,0,0,0
20260201018,2026,"NW2601",2026-09-03,2026-09-03 17:07:11.874,61.5011,-170.0804,0.154206534619171,"km2",0,0,0.146,0.022,0,0,0.437,275,0,0,0,0,0,0,0.001,0,0,0,0,0,0,0,0,0.001,0,0,0,0,0.606,275,61.5011,-170.0804,246,0,0,0,0,0,0,0,0,0,0,0,0,0,0,0
20260201019,2026,"NW2601",2026-09-03,2026-09-03 22:11:29.125,61.5083,-171.0298,0.123582459443146,"km2",0,0,0,0.008,0,0,2.1068,79.652,0,0,0,0,0,0,0.022,0,0,0,0,0,0,0,0,0.022,0,0,0,0,2.1368,79.652,61.5083,-171.0298,246,0,0,0,0,0,0,0,0,0,0,0,0,0,0,0
20260201020,2026,"NW2601",2026-09-04,2026-09-04 03:11:03.214,61.5027,-172.0577,0.130690423861853,"km2",0.068,0,0.144,0.0125,0,0,27.7247,248.136798,0,0,0,0,0,0,0,0,0,0,0,0,0,0,0,0,0,0,0,0,27.9492,248.136798,61.5027,-172.0577,247,0,0,0,0,0,0,0,0,0,0,0,0,0,0,0
20260201021,2026,"NW2601",2026-09-04,2026-09-04 17:06:55.984,61.5477,-173.0247,0.159258829000529,"km2",0,0,0,0,1.599,0,21.9736,74.450888,0,0,0,0,0,0,0,0,0,0,0,0,0,0,0,0,1.599,0,0,0,23.5726,74.450888,61.5477,-173.0247,247,0,0,0,0,0,0,0,0,0,0,0,0,0,0,0
20260201022,2026,"NW2601",2026-09-04,2026-09-04 21:42:20.008,62.0125,-172.9206,0.153657178165075,"km2",0,0,0,0.0658,0.135,0,7.303,271.709079,0,0,0,0,0,0,0,0,0,0,0,0,0,0,0,0,0.135,0,0,0,7.5038,271.709079,62.0125,-172.9206,247,0,0,0,0,0,0,0,0,0,0,0,0,0,0,0
20260201023,2026,"NW2601",2026-09-05,2026-09-05 02:02:50.584,62.0095,-171.9068,0.1754343171146,"km2",0,0,0.156,0.0504,0,0,21.1879,178.307704,0,0,0,0,0,0,0,0,0,0,0,0,0,0,0,0,0,0,0,0,21.3943,178.307704,62.0095,-171.9068,248,0,0,0,0,0,0,0,0,0,0,0,0,0,0,0
20260201024,2026,"NW2601",2026-09-05,2026-09-05 16:56:58.139,62,-170.919,0.146235319821698,"km2",0.457,0,0.522,0.008,0.544,0.323,0.014,39.78,0.003,0,0,0,0,0,0,0,0,0.061,0,0,0,0,0,0,0.544,0,0.003,0,1.929,39.78,62,-170.919,248,0,0,0,0,0,0,0,0,0,0,0,0,0,0,0
20260201025,2026,"NW2601",2026-09-05,2026-09-05 21:28:20.641,62.024,-169.8858,0.135537296273092,"km2",0,0,0.474,0,9.2152,0.146,0,736.074802,0,0,0,0,0,0,0,0,0,0,0,0,0,0,0,0,9.2152,0,0,0,9.8352,736.074802,62.024,-169.8858,248,0,0,0,0,0,0,0,0,0,0,0,0,0,0,0
20260201026,2026,"NW2601",2026-09-06,2026-09-06 01:38:47.299,62.009,-168.8986,0.182347906583392,"km2",1.181,0,0.159,0.021,0.35,0,0.43,94.03,0,0.424,0,0,0,0,0.001,0,0,0.116,0,0,0,0,0,0.001,0.35,0,0,0,2.682,94.03,62.009,-168.8986,249,0,0,0,0,0,0,0,0,0,0,0,0,0,0,0
20260201027,2026,"NW2601",2026-09-06,2026-09-06 16:45:15.279,62.0003,-167.925,0.159024444968614,"km2",0,0.014,0,0,14.426,0,1.039,90.08,0,0.244,0,0.332,0,0,0,0,0,0,0,0,0,0,0,0,14.426,0,0,0.332,16.041,90.08,62.0003,-167.925,249,0,0,0,0,0,0,0,0,0,0,0,0,0,0,0
20260201028,2026,"NW2601",2026-09-06,2026-09-06 21:01:13.587,62.0378,-167.0202,0.178943081090925,"km2",0,0,0.275,0,13.364,1.26,0,7.51,0,2.33,0,0,0,0,0,1.33,0.087,0,0,0,0,0,0,0,13.364,0,0,0,17.229,8.927,62.0378,-167.0202,249,0,0,0,0,0,0,0,0,0,0,0,0,0,0,0
20260201029,2026,"NW2601",2026-09-07,2026-09-07 01:20:56.182,62.4989,-167.0894,0.149399180780425,"km2",0.968,0,2.004,0,0,0.303,0,18.33,0,5.176,0,0,0,0,0.003,0.1,0,0.142,0,0,0,0,0,0.003,0,0,0,0,8.596,18.43,62.4989,-167.0894,250,0,0,0,0,0,0,0,0,0,0,0,0,0,0,0
20260201030,2026,"NW2601",2026-09-07,2026-09-07 16:53:57.553,62.4923,-168.0885,0.157451548948015,"km2",0,0,0.488,0.013,0,0,2.911,73.82,0.011,0,0.028,0,0,0,0.017,0.17,0,0,0,0,0,0,0,0.017,0,0.028,0.011,0,3.457,73.99,62.4923,-168.0885,250,0,0,0,0,0,0,0,0,0,0,0,0,0,0,0
20260201031,2026,"NW2601",2026-09-09,2026-09-09 16:57:16.799,63.4959,-166.0631,0.181032631059341,"km2",0,0,0,0.004,2.086,0,0.012,236.49,0,0,1.367,0.077,0,0.48,0.462,0,0,0,0,0,0,0,0,0.942,2.086,1.367,0,0.077,4.488,236.49,63.4959,-166.0631,252,0,0,0,0,0,0,0,0,0,0,0,0,0,0,0
20260201032,2026,"NW2601",2026-09-09,2026-09-09 21:10:32.074,63.4679,-166.9205,0.170488226708854,"km2",0,0.028,0.091,0,0.064,0,0.001,107,0.004,0,28.675,0,0,0,0.005,0,0,0,0,0.004,0,0,0,0.005,0.064,28.679,0.004,0,28.84,107,63.4679,-166.9205,252,0,0,0,0,0,0,0,0,0,0,0,0,0,0,0
20260201033,2026,"NW2601",2026-09-10,2026-09-10 02:37:18.526,63.01,-166.0159,0.185058020040392,"km2",0.076,0.106,0.514,0,49.6806,0.732,0,17,0,0,0,1.1449,7.24,2.592,0.162,0,0,0,0,0,0,0,0,2.754,49.6806,0,0,8.3849,62.1415,17,63.01,-166.0159,253,0,0,0,0,0,0,0,0,0,0,0,0,0,0,0
20260201034,2026,"NW2601",2026-09-10,2026-09-10 17:11:24,63.0096,-166.952,0.182816894777481,"km2",2.937,0,0.626,0,25.661,0.714,0.006,7.5,0,0,0,0,0,0,0,2.43,0,0.117,0,0,0,0,0,0,25.661,0,0,0,30.061,9.93,63.0096,-166.952,253,0,0,0,0,0,0,0,0,0,0,0,0,0,0,0
20260201035,2026,"NW2601",2026-09-12,2026-09-12 00:06:15.558,62.5073,-168.9482,0.153883495024255,"km2",0.24,0,0.47,0,0.726,0.291,0,50,0,0,0,0,0,0,0,0,0,0,0,0,0,0,0,0,0.726,0,0,0,1.727,50,62.5073,-168.9482,255,0,0,0,0,0,0,0,0,0,0,0,0,0,0,0
20260201036,2026,"NW2601",2026-09-12,2026-09-12 17:22:23.732,62.5034,-170.0291,0.153906357504398,"km2",0,0,0,0.019,0,0,0.828,100,0,0,0.085,0,0,0,0.003,0,0,0,0,0,0,0,0,0.003,0,0.085,0,0,0.935,100,62.5034,-170.0291,255,0,0,0,0,0,0,0,0,0,0,0,0,0,0,0
20260201037,2026,"NW2601",2026-09-12,2026-09-12 22:26:09.927,62.4931,-171.067,0.15749412841075,"km2",0,0,0,0.012,0,0,0.142,63.14,0,0,0,0,0,0,0,0,0,0,0,0,0,0,0,0,0,0,0,0,0.154,63.14,62.4931,-171.067,255,0,0,0,0,0,0,0,0,0,0,0,0,0,0,0
20260201038,2026,"NW2601",2026-09-13,2026-09-13 02:53:59.771,62.5029,-172.0858,0.174842814982555,"km2",0,0,0,0.028,0,0,2.996,109.6,0,0,0,0,0,0,0,0,0,0,0,0,0,0,0,0,0,0,0,0,3.024,109.6,62.5029,-172.0858,256,0,0,0,0,0,0,0,0,0,0,0,0,0,0,0
20260201039,2026,"NW2601",2026-09-13,2026-09-13 17:26:41.532,62.6048,-173.9033,0.154669877371417,"km2",0,0,0,0.1053,0.118,0.118,73.9767,301.225824,0,0,0,0,0,0,0,0,0,0.501,0,0,0,0,0,0,0.118,0,0,0,74.819,301.225824,62.6048,-173.9033,256,0,0,0,0,0,0,0,0,0,0,0,0,0,0,0
20260201040,2026,"NW2601",2026-09-13,2026-09-13 21:38:43.491,62.5272,-172.9299,0.160927071985398,"km2",0,0,0,0.0063,0,0,0.6313,89.877876,0,0,0,0,0,0,0,0,0,0.145,0,0,0,0,0,0,0,0,0,0,0.7826,89.877876,62.5272,-172.9299,256,0,0,0,0,0,0,0,0,0,0,0,0,0,0,0
20260201041,2026,"NW2601",2026-09-14,2026-09-14 03:16:54.054,63.039,-172.0754,0.182830453042904,"km2",0,0,0,0.0161,0,0,29.5265,78.00628,0,0,0,0,0,0,0,0,0,0,0,0,0,0,0,0,0,0,0,0,29.5426,78.00628,63.039,-172.0754,257,0,0,0,0,0,0,0,0,0,0,0,0,0,0,0
20260201042,2026,"NW2601",2026-09-14,2026-09-14 17:14:05.423,64.1328,-171.412,0.180285367230446,"km2",0.02,0.03,0,0.0096,0.476,1.417,40.8344,50.839016,0,0,0,0,0,0,0,0,3.075328,0,0,0,0,0,0,0,0.476,0,0,0,42.757,53.914344,64.1328,-171.412,257,0,0,0,0,0,0,0,0,0,0,0,0,0,0,0
20260201043,2026,"NW2601",2026-09-14,2026-09-14 21:57:39.06,64.1155,-170.0653,0.202554052657139,"km2",0,0.004,0,0,0,0,0,13.95,0,0,77.589,0,0,0,0,0,0.72,0,0.73,0,0,0,0,0,0,77.589,0,0,77.589,14.67,64.1155,-170.0653,257,0,0,0,0,0,0,0,0,0,0,0,0,0,0,0
20260201044,2026,"NW2601",2026-09-15,2026-09-15 02:21:37.034,63.9982,-169.0317,0.146983762693067,"km2",0,0.4092,0,0,0,0,0.9882,171.28254,0,0,16.6291,0,0,0,0,2.495375,0.0299445,0,1.39741,0,0,0,0,0,0,16.6291,0,0,17.6173,173.8078595,63.9982,-169.0317,258,0,0,0,0,0,0,0,0,0,0,0,0,0,0,0
20260201045,2026,"NW2601",2026-09-15,2026-09-15 17:11:49.942,63.552,-168.0403,0.220493753901203,"km2",0,0.012,0.218,0,0.136,0,0.432,15.15,0,0,2.503,0,0,0,0,4.49,0,0,0,0.004,0,0,0,0,0.136,2.507,0,0,3.293,19.64,63.552,-168.0403,258,0,0,0,0,0,0,0,0,0,0,0,0,0,0,0
20260201046,2026,"NW2601",2026-09-15,2026-09-15 21:37:59.012,64.0024,-167.9363,0.146309505991973,"km2",1.824,0.96,0,0,0.136,0.332,0.066,0,0.01,0,0,0,0,0,0,0.14,0.02,0.665,1.24,0,0.26,0,0,0,0.136,0,0.01,0,3.023,0.42,64.0024,-167.9363,258,0,0,0,0,0,0,0,0,0,0,0,0,0,0,0
20260201047,2026,"NW2601",2026-09-16,2026-09-16 02:36:54,64.018,-167.0424,0.175197639673465,"km2",0,0,0,0,0.512,0,0.1004,116.772167,0,3.024,1.7444,0,0,0,0,28.86362,0,0,0,0.0188,0,0,0,0,0.512,1.7632,0,0,5.3996,145.635787,64.018,-167.0424,259,0,0,0,0,0,0,0,0,0,0,0,0,0,0,0
20260201048,2026,"NW2601",2026-09-16,2026-09-16 17:13:48.666,64.5025,-169.0971,0.175668514396292,"km2",0,0.8694,0,0,0,0,89.9296,596.954628,0,0,0,0,0,0,0,0,0,0,0,0,0,0,0,0,0,0,0,0,89.9296,596.954628,64.5025,-169.0971,259,0,0,0,0,0,0,0,0,0,0,0,0,0,0,0
20260201049,2026,"NW2601",2026-09-16,2026-09-16 21:41:06.557,64.6946,-169.9207,0.156090965309275,"km2",0.105,0.56,0,0,0,0,0,30.34,0,0,0,0,0,0,0,0,0,0.159,0,0,0,0,0,0,0,0,0,0,0.264,30.34,64.6946,-169.9207,259,0,0,0,0,0,0,0,0,0,0,0,0,0,0,0
20260201050,2026,"NW2601",2026-09-17,2026-09-17 02:22:15.952,64.9952,-169.0473,0.166750545370506,"km2",0,0.058,0,0,0,0,0.037,17.75,0.013,0,0.321,0,0,0,0,0.13,0.06,0,1.23,0,0,0,0,0,0,0.321,0.013,0,0.358,17.94,64.9952,-169.0473,260,0,0,0,0,0,0,0,0,0,0,0,0,0,0,0
20260201051,2026,"NW2601",2026-09-17,2026-09-17 17:14:24.328,64.9816,-167.5875,0.172823037557233,"km2",0,0.003,0.571,0,19.8102,0.153,0,12.95281,0,0.239,1.5543,1.3258,0.0152,0,0,4.114422,0,0,0,0,0,39.467,0,0,59.2772,1.5543,0,1.341,63.1355,17.067232,64.9816,-167.5875,260,0,0,0,0,0,0,0,0,0,0,0,0,0,0,0
20260201052,2026,"NW2601",2026-09-17,2026-09-17 22:07:41.647,64.5074,-167.9334,0.165290053945728,"km2",0,1.2735,0,0,0.7699,0,0,54.478077,0,0.429,1.2771,0,0,0,0.0073,19.594593,0,0,0,0,0,0,0,0.0073,0.7699,1.2771,0,0,2.4833,74.07267,64.5074,-167.9334,260,0,0,0,0,0,0,0,0,0,0,0,0,0,0,0
20260201053,2026,"NW2601",2026-09-18,2026-09-18 02:10:19.409,64.4829,-166.9748,0.162686240513469,"km2",0,8.0552,0.773,0,11.2976,0.071,0,4.559562,0,2.023,0,1.2159,0.8359,0,0,0,0,0,0,0,0,39.3389,0,0,50.6365,0,0,2.0518,55.5553,4.559562,64.4829,-166.9748,261,0,0,0,0,0,0,0,0,0,0,0,0,0,0,0
20260201054,2026,"NW2601",2026-09-18,2026-09-18 17:34:53.751,64.1059,-164.3726,0.134118258181854,"km2",0,0.2722,1.123,0,0.146,0.054,0,0,0,0.178,0,34.4573,0.0454,0.374,0.4537,30.396828,0,0,0,0,0,28.2418,0,0.8277,28.3878,0,0,34.5027,65.0732,30.396828,64.1059,-164.3726,261,0,0,0,0,0,0,0,0,0,0,0,0,0,0,0
20260201055,2026,"NW2601",2026-09-18,2026-09-18 21:52:16.341,64.1052,-163.4853,0.142384634245853,"km2",0,0.0143,0.395,0,0.3491,0.039,0,0,0,0.304,0,8.4576,0,0.557,0.0428,24.296932,0,0,0,0,0,8.593,0,0.5998,8.9421,0,0,8.4576,18.7375,24.296932,64.1052,-163.4853,261,0,0,0,0,0,0,0,0,0,0,0,0,0,0,0
20260201056,2026,"NW2601",2026-09-19,2026-09-19 02:05:05.804,64.1027,-162.6195,0.172482421922748,"km2",0,0,0.237,0,1.7826,0.045,0,0,0,0,0,34.1784,2.4956,1.75,0.0951,0,0,0,0,0,0,71.4228,3.80288,1.8451,73.2054,0,0,36.674,112.0065,3.80288,64.1027,-162.6195,262,0,0,0,0,0,0,0,0,0,0,0,0,0,0,0
20260201057,2026,"NW2601",2026-09-19,2026-09-19 17:03:37.775,63.9764,-166.0181,0.185030384118046,"km2",0,0,0.235,0,19.9414,0,0,52.42968,0,0.345,0,0.5785,0.2531,0.391,0.0181,24.135732,0,0,0,0,0,0,0,0.4091,19.9414,0,0,0.8316,21.7621,76.565412,63.9764,-166.0181,262,0,0,0,0,0,0,0,0,0,0,0,0,0,0,0
20260305037,2026,"DY2605",2026-09-05,2026-09-05 23:16:29,60.0216,-173.0345,0.2061,"km2",0,0,0,0,0,0,0.117,111.09,0,0,0,0,0,0,0,0,0,0,0,0,0,0,0,0,0,0,0,0,0.117,111.09,60.0216,-173.0345,248,0,0,0,0,0,0,0,0,0,0,0,0,0,0,0
20260305039,2026,"DY2605",2026-09-06,2026-09-06 18:21:57,60.514,-174.0525,0.1858,"km2",0,0,0,0.003,0,0,6.745,18.866,0,0,0,0,0,0,0,0,0,0,3.783,0,0,0,0,0,0,0,0,0,6.748,22.649,60.514,-174.0525,249,0,0,0,0,0,0,0,0,0,0,0,0,0,0,0
20260305040,2026,"DY2605",2026-09-06,2026-09-06 23:30:22,61.0217,-175.0108,0.1939,"km2",0,0,0,0,0,0,0,0,0,0,0,0,0,0,0,0,0,0,0,0,0,0,0,0,0,0,0,0,0,0,61.0217,-175.0108,249,0,0,0,0,0,0,0,0,0,0,0,0,0,0,0
20260305040,2026,"DY2605",2026-09-07,2026-09-07 02:10:50,61.0025,-175.0072,0.2246,"km2",0,0,0,0.002,0,0,0.778,51.72,0,0,0,0,0,0,0,0,0,0,1.64,0,0,0,0,0,0,0,0,0,0.78,53.36,61.0025,-175.0072,250,0,0,0,0,0,0,0,0,0,0,0,0,0,0,0
20260305042,2026,"DY2605",2026-09-07,2026-09-07 18:37:16,61.4948,-176.0229,0.2046,"km2",0,0,0,0.002,0,0,0.33,49.68,0,0,0,0,0,0,0,0,0,0,0,0,0,0,0,0,0.738,0,0,0,1.07,49.68,61.4948,-176.0229,250,0.738,0,0,0,0,0,0,0,0,0,0,0,0,0,0
