"","cv_fold","model_cv","mae","rmse"
"1",1,"Forage_75",34.6292179653951,74.0909607305354
"2",2,"Forage_75",64.3433777513208,114.269770356943
"3",3,"Forage_75",64.7118353450707,117.367183659431
"4",4,"Forage_75",30.1472892554922,92.4757931525452
"5",5,"Forage_75",33.0203658699314,76.2074014192861
"6",6,"Forage_75",10.2800265375022,18.6247985713158
"7",7,"Forage_75",16.9175178052295,49.1844747742631
"8",8,"Forage_75",20.4958683979375,90.6705857848188
"9",9,"Forage_75",30.2874658091463,86.2828939734629
"10",10,"Forage_75",13.6463501231475,48.4700151026489
"11",11,"Forage_75",47.2294863770583,98.5921087020778
"12",12,"Forage_75",57.0158892389382,108.746237051262
"13",13,"Forage_75",45.2180775208408,60.5264941054393
"14",14,"Forage_75",26.6247975252671,43.0627125221467
"15",15,"Forage_75",94.4438887287721,279.626044954535
"16",16,"Forage_75",36.3941031180913,63.4034204292617
"17",17,"Forage_75",59.3346759103356,91.7114133554549
"18",18,"Forage_75",13.792588295042,29.3837659265473
"19",19,"Forage_75",12.9656314194765,21.9028293568197
"20",20,"Forage_75",16.8509494602575,27.8689543953605
"21",21,"Forage_75",12.8901162804331,29.5296887775553
"22",22,"Forage_75",59.9205053308932,103.387691416566
"23",23,"Forage_75",16.8433359151539,29.9779511191556
"24",1,"Forage_85",34.624302859402,74.0892019150395
"25",2,"Forage_85",64.3387561298845,114.265446400125
"26",3,"Forage_85",64.7055699694956,117.361806803095
"27",4,"Forage_85",30.1456062044454,92.4706705720938
"28",5,"Forage_85",33.0129944251875,76.2042897667507
"29",6,"Forage_85",10.2732732147638,18.6148856759218
"30",7,"Forage_85",16.9176591876512,49.1867598300545
"31",8,"Forage_85",20.4865820907761,90.6692743154443
"32",9,"Forage_85",30.2827033158485,86.2769261503478
"33",10,"Forage_85",13.6413659310237,48.4674872085081
"34",11,"Forage_85",47.2119941240172,98.5828898249923
"35",12,"Forage_85",57.0122512776961,108.744581808033
"36",13,"Forage_85",45.2119496578291,60.5244327355483
"37",14,"Forage_85",26.6169953512929,43.0542737642066
"38",15,"Forage_85",94.4368702498331,279.621922059012
"39",16,"Forage_85",36.3813868723323,63.3878373535661
"40",17,"Forage_85",59.3280636606282,91.7088167072009
"41",18,"Forage_85",13.7850215612662,29.3798899573449
"42",19,"Forage_85",12.9578221917747,21.8939827625093
"43",20,"Forage_85",16.8448520232921,27.8642211549377
"44",21,"Forage_85",12.8837132179119,29.5252536291391
"45",22,"Forage_85",59.9142300631143,103.38216563755
"46",23,"Forage_85",16.8380261018236,29.9727788303831
"47",1,"Forage_95",34.6483693351698,74.1052105355435
"48",2,"Forage_95",64.3527809556297,114.276301324748
"49",3,"Forage_95",64.7231624415398,117.376171176939
"50",4,"Forage_95",30.161203011517,92.4829074674922
"51",5,"Forage_95",33.024795756369,76.2159181451455
"52",6,"Forage_95",10.3009374583819,18.6298118531162
"53",7,"Forage_95",16.9256123950011,49.1931634899646
"54",8,"Forage_95",20.4991031263091,90.6753512013002
"55",9,"Forage_95",30.2989004252132,86.2883627435998
"56",10,"Forage_95",13.6511338078296,48.4746582140967
"57",11,"Forage_95",47.2362639278267,98.5950841915523
"58",12,"Forage_95",57.024277974158,108.754462286103
"59",13,"Forage_95",45.2310694139236,60.5416802281936
"60",14,"Forage_95",26.6303127213236,43.0684394707964
"61",15,"Forage_95",94.4561153238236,279.632273517239
"62",16,"Forage_95",36.3983429849549,63.402994111276
"63",17,"Forage_95",59.3470591135113,91.7209511323398
"64",18,"Forage_95",13.8016936033944,29.3926390865041
"65",19,"Forage_95",12.9742048129628,21.9131014873595
"66",20,"Forage_95",16.8619056154184,27.8790484911509
"67",21,"Forage_95",12.8975049371742,29.5367107997915
"68",22,"Forage_95",59.9299272133666,103.393119412226
"69",23,"Forage_95",16.8449149894996,29.9802524229213
"70",1,"Forage_100",34.6451834220983,74.1044325505358
"71",2,"Forage_100",64.3543553536126,114.275715314348
"72",3,"Forage_100",64.7219905998319,117.373630296847
"73",4,"Forage_100",30.1613972611607,92.4818977624523
"74",5,"Forage_100",33.0251267239184,76.2157246307585
"75",6,"Forage_100",10.2993605951194,18.6279065979509
"76",7,"Forage_100",16.9253960473178,49.1928275678795
"77",8,"Forage_100",20.4984585364904,90.6752313531529
"78",9,"Forage_100",30.2965826040805,86.2858656070965
"79",10,"Forage_100",13.6501733872989,48.4749263176796
"80",11,"Forage_100",47.2335834122937,98.5940648015733
"81",12,"Forage_100",57.02319141483,108.753780593459
"82",13,"Forage_100",45.2292041039727,60.5392794646697
"83",14,"Forage_100",26.6299156541731,43.0677526024152
"84",15,"Forage_100",94.4538900230097,279.630335710969
"85",16,"Forage_100",36.3969132725895,63.4038952516049
"86",17,"Forage_100",59.3437074586821,91.7191644045835
"87",18,"Forage_100",13.7983114399592,29.3899915528966
"88",19,"Forage_100",12.9733530631947,21.9114250423366
"89",20,"Forage_100",16.858824863625,27.8767968989374
"90",21,"Forage_100",12.8959568991277,29.5356601045536
"91",22,"Forage_100",59.9272151843881,103.391331146933
"92",23,"Forage_100",16.845304451478,29.9798657126044
