Sci,year,vessel,AreaSwept,Lat,Lon,LAT,LON,Wt
Forage_fish,2002,1,0.24333251,59.7608,-167.9987,59.7608,-167.9987,10.474
Forage_fish,2002,1,0.218818016,60.0052,-170.045,60.0052,-170.045,9.416
Forage_fish,2002,1,0.227039841,60.0083,-170.5287,60.0083,-170.5287,13.954
Forage_fish,2002,1,0.305012068,60.0102,-169.5343,60.0102,-169.5343,19.864
Forage_fish,2002,1,0.251091694,60.0103,-168.5125,60.0103,-168.5125,22.053
Forage_fish,2002,1,0.217687141,60.0133,-169.0175,60.0133,-169.0175,23.43
Forage_fish,2002,1,0.244178099,60.0187,-167.9983,60.0187,-167.9983,299.999
Forage_fish,2002,1,0.231830352,61.0003,-168.954,61.0003,-168.954,23.294
Forage_fish,2002,1,0.299131693,61.0007,-172.4678,61.0007,-172.4678,37.015
Forage_fish,2002,1,0.219040455,61.0007,-169.4648,61.0007,-169.4648,12.294
Forage_fish,2002,1,0.254052881,61.0007,-168.4688,61.0007,-168.4688,36.70301
Forage_fish,2002,1,0.245470059,61.0008,-167.9793,61.0008,-167.9793,5.767
Forage_fish,2002,1,0.207105834,61.001,-167.474,61.001,-167.474,13.259
Forage_fish,2002,1,0.191266631,61.0015,-166.957,61.0015,-166.957,22.478
Forage_fish,2002,1,0.214684033,61.0052,-169.9602,61.0052,-169.9602,10.864
Forage_fish,2002,1,0.237696998,61.0068,-170.4642,61.0068,-170.4642,6.766
Forage_fish,2002,1,0.250579737,61.0083,-170.9685,61.0083,-170.9685,10.671
Forage_fish,2002,1,0.213819132,61.0148,-171.4737,61.0148,-171.4737,16.321
Forage_fish,2002,1,0.355391627,61.015,-169.9778,61.015,-169.9778,14.264
Forage_fish,2002,1,0.326758879,61.5092,-170.0067,61.5092,-170.0067,14.388
Forage_fish,2002,1,0.227014619,61.986,-166.9987,61.986,-166.9987,246.412
Forage_fish,2002,1,0.261385044,61.9942,-167.4663,61.9942,-167.4663,12.637
Forage_fish,2002,1,0.362183716,61.995,-169.9775,61.995,-169.9775,29.766
Forage_fish,2002,1,0.260007784,61.9993,-168.0417,61.9993,-168.0417,10.65
Forage_fish,2002,1,0.252148564,61.9994,-168.526,61.9994,-168.526,11.943
Forage_fish,2002,1,0.259754016,61.9997,-169.0362,61.9997,-169.0362,3.284
Forage_fish,2002,1,0.225566827,61.9998,-169.5407,61.9998,-169.5407,0.475
Forage_fish,2002,1,0.348234022,62.0058,-172.4432,62.0058,-172.4432,34.78
Forage_fish,2002,1,0.228141947,62.0073,-169.9703,62.0073,-169.9703,1.337
Forage_fish,2002,1,0.2423569,62.0078,-171.9588,62.0078,-171.9588,31.96
Forage_fish,2002,1,0.224843352,62.0083,-170.9727,62.0083,-170.9727,32.049
Forage_fish,2002,1,0.256753534,62.01,-171.4695,62.01,-171.4695,34.934
Forage_fish,2002,1,0.299655076,62.0103,-171.0113,62.0103,-171.0113,57.29
Forage_fish,2002,1,0.235829619,62.0263,-170.4848,62.0263,-170.4848,3.7
Forage_fish,2002,1,0.330538872,62.7183,-170.0117,62.7183,-170.0117,19.854
Forage_fish,2002,1,0.25608748,62.7477,-169.483,62.7477,-169.483,0.784
Forage_fish,2002,1,0.266961762,62.8575,-168.9902,62.8575,-168.9902,4.585
Forage_fish,2002,1,0.243178278,62.9037,-168.4762,62.9037,-168.4762,5.152
Forage_fish,2002,1,0.259092688,62.9992,-165.7333,62.9992,-165.7333,0.958
Forage_fish,2002,1,0.24880694,63.0003,-165.9718,63.0003,-165.9718,6.513
Forage_fish,2002,1,0.252647963,63.0007,-166.9782,63.0007,-166.9782,82.325
Forage_fish,2002,1,0.223409258,63.0008,-170.4712,63.0008,-170.4712,0.999
Forage_fish,2002,1,0.246164205,63.0008,-166.5155,63.0008,-166.5155,26.92
Forage_fish,2002,1,0.261003435,63.001,-167.479,63.001,-167.479,5.296
Forage_fish,2002,1,0.242251517,63.0053,-167.976,63.0053,-167.976,0.49
Forage_fish,2002,1,0.2506137,63.013,-171.4882,63.013,-171.4882,0.463
Forage_fish,2002,1,0.214018361,63.0145,-172.4947,63.0145,-172.4947,4.009
Forage_fish,2002,1,0.311918693,63.0267,-172.5167,63.0267,-172.5167,17.404
Forage_fish,2002,1,0.26914811,64,-169.5217,64,-169.5217,16.775
Forage_fish,2002,1,0.253307683,64,-168.5297,64,-168.5297,2.975
Forage_fish,2002,1,0.217945678,64.0002,-171.5265,64.0002,-171.5265,29.478
Forage_fish,2002,1,0.243172015,64.0002,-171.015,64.0002,-171.015,0
Forage_fish,2002,1,0.264449563,64.0002,-170.5285,64.0002,-170.5285,10.683
Forage_fish,2002,1,0.217057355,64.0002,-166.0347,64.0002,-166.0347,0.66
Forage_fish,2002,1,0.245612311,64.0005,-169.0285,64.0005,-169.0285,12.135
Forage_fish,2002,1,0.220790658,64.0008,-168.0187,64.0008,-168.0187,0.264
Forage_fish,2002,1,0.242165486,64.0008,-166.5257,64.0008,-166.5257,1.754
Forage_fish,2002,1,0.280518987,64.001,-170.0213,64.001,-170.0213,5.489
Forage_fish,2002,1,0.235829936,64.001,-167.528,64.001,-167.528,1.68
Forage_fish,2002,1,0.286329167,64.0012,-172.0305,64.0012,-172.0305,1.681
Forage_fish,2002,1,0.199078357,64.0963,-164.5148,64.0963,-164.5148,88.369
Forage_fish,2002,1,0.233195393,64.0995,-163.9808,64.0995,-163.9808,86.522
Forage_fish,2002,1,0.22942583,65.0138,-167.5458,65.0138,-167.5458,59.507
Forage_fish,2002,1,0.229580035,65.0162,-169.0098,65.0162,-169.0098,1.341
Forage_fish,2002,1,0.238445661,65.0193,-169.5095,65.0193,-169.5095,0.42
Forage_fish,2002,1,0.213971374,65.0195,-168.5155,65.0195,-168.5155,1.416
Forage_fish,2003,1,0.198483684,60.0015,-168.4582,60.0015,-168.4582,7.638
Forage_fish,2003,1,0.220594137,60.0028,-168.9637,60.0028,-168.9637,0.767
Forage_fish,2003,1,0.252197093,60.008,-169.4738,60.008,-169.4738,1.165
Forage_fish,2003,1,0.212084012,60.0087,-172.5342,60.0087,-172.5342,9.39
Forage_fish,2003,1,0.194452658,60.0095,-168.05,60.0095,-168.05,64.661
Forage_fish,2003,1,0.226411963,60.0097,-172.0463,60.0097,-172.0463,15.036
Forage_fish,2003,1,0.226086061,60.0113,-169.971,60.0113,-169.971,3.42
Forage_fish,2003,1,0.195525295,60.0128,-171.5365,60.0128,-171.5365,3.65
Forage_fish,2003,1,0.198195586,60.0173,-171.0357,60.0173,-171.0357,3.988
Forage_fish,2003,1,0.193046263,60.0233,-170.4842,60.0233,-170.4842,7.431
Forage_fish,2003,1,0.268454822,61.0018,-167.523,61.0018,-167.523,121.382
Forage_fish,2003,1,0.174112463,61.0022,-169.0448,61.0022,-169.0448,168.976
Forage_fish,2003,1,0.192268374,61.0022,-168.543,61.0022,-168.543,94.474
Forage_fish,2003,1,0.225656647,61.0027,-167.0375,61.0027,-167.0375,23.132
Forage_fish,2003,1,0.240650527,61.005,-168.04,61.005,-168.04,43.575
Forage_fish,2003,1,0.220942938,61.0092,-169.5353,61.0092,-169.5353,23.515
Forage_fish,2003,1,0.236465997,61.011,-170.0357,61.011,-170.0357,6.13
Forage_fish,2003,1,0.182918819,61.0128,-171.5545,61.0128,-171.5545,3.154
Forage_fish,2003,1,0.184111279,61.0202,-171.0442,61.0202,-171.0442,16.227
Forage_fish,2003,1,0.213896742,61.0205,-170.5337,61.0205,-170.5337,9.224
Forage_fish,2003,1,0.219179737,61.9963,-166.9642,61.9963,-166.9642,195.439
Forage_fish,2003,1,0.201716414,62.0008,-169.457,62.0008,-169.457,8.148
Forage_fish,2003,1,0.212621362,62.0008,-168.4602,62.0008,-168.4602,19.609
Forage_fish,2003,1,0.239986887,62.0008,-167.4795,62.0008,-167.4795,10.642
Forage_fish,2003,1,0.178426723,62.0013,-168.9538,62.0013,-168.9538,4.613
Forage_fish,2003,1,0.227880677,62.0032,-167.9678,62.0032,-167.9678,7.399
Forage_fish,2003,1,0.120850402,63.0082,-167.5078,63.0082,-167.5078,4.039
Forage_fish,2003,1,0.233486806,63.0133,-168.0067,63.0133,-168.0067,8.758
Forage_fish,2003,1,0.231602951,63.0205,-165.9987,63.0205,-165.9987,9.998
Forage_fish,2003,1,0.215329363,63.0213,-166.4972,63.0213,-166.4972,0.624
Forage_fish,2003,1,0.211121005,63.0223,-167.0045,63.0223,-167.0045,0.138
Forage_fish,2003,1,0.284487658,63.9633,-168.5303,63.9633,-168.5303,0.327
Forage_fish,2003,1,0.274547467,63.97,-166.9988,63.97,-166.9988,3.809
Forage_fish,2003,1,0.296582877,63.9808,-168.0103,63.9808,-168.0103,0.582
Forage_fish,2003,1,0.282498852,63.9847,-170.0112,63.9847,-170.0112,1.54
Forage_fish,2003,1,0.293841732,63.987,-167.4942,63.987,-167.4942,2.79
Forage_fish,2003,1,0.285570132,63.9988,-166.4883,63.9988,-166.4883,10.968
Forage_fish,2003,1,0.260717405,64.0037,-170.4455,64.0037,-170.4455,0
Forage_fish,2003,1,0.277494016,64.0063,-170.948,64.0063,-170.948,2.19
Forage_fish,2003,1,0.233591537,64.0313,-166.1247,64.0313,-166.1247,44.283
Forage_fish,2003,1,0.269239132,64.0442,-171.425,64.0442,-171.425,46.555
Forage_fish,2003,1,0.215810737,64.0687,-163.65,64.0687,-163.65,100.784
Forage_fish,2003,1,0.222092965,64.0825,-164.5717,64.0825,-164.5717,32.807
Forage_fish,2003,1,0.261239644,65.0205,-169.4775,65.0205,-169.4775,5.0905
Forage_fish,2003,1,0.237844226,65.0233,-168.6558,65.0233,-168.6558,5.357
Forage_fish,2003,1,0.237602207,65.03,-168.9798,65.03,-168.9798,3.279
Forage_fish,2003,1,0.311604085,65.2262,-167.6765,65.2262,-167.6765,14.653
Forage_fish,2004,1,0.212112125,59.9822,-171.0268,59.9822,-171.0268,102.59
Forage_fish,2004,1,0.26961359,59.9877,-169.0298,59.9877,-169.0298,3.715
Forage_fish,2004,1,0.264820959,59.9878,-170.0498,59.9878,-170.0498,7.993
Forage_fish,2004,1,0.199030528,59.9958,-168.0213,59.9958,-168.0213,11.756
Forage_fish,2004,1,0.222126432,59.9963,-172.9647,59.9963,-172.9647,310.274
Forage_fish,2004,1,0.278157448,60.0095,-171.9608,60.0095,-171.9608,188.48
Forage_fish,2004,1,0.232452871,60.4868,-168.9603,60.4868,-168.9603,1.743
Forage_fish,2004,1,0.254434245,60.4873,-170.9745,60.4873,-170.9745,163.026
Forage_fish,2004,1,0.223385875,60.4908,-169.977,60.4908,-169.977,7.12
Forage_fish,2004,1,0.282086425,60.5085,-167.9897,60.5085,-167.9897,92.148
Forage_fish,2004,1,0.255484411,60.9777,-171.013,60.9777,-171.013,17.475
Forage_fish,2004,1,0.255561259,60.9782,-169.0058,60.9782,-169.0058,2.974
Forage_fish,2004,1,0.226747826,60.9845,-167.9938,60.9845,-167.9938,40.335
Forage_fish,2004,1,0.240843297,60.9852,-172.0155,60.9852,-172.0155,10.964
Forage_fish,2004,1,0.249392593,60.9872,-169.9977,60.9872,-169.9977,13.649
Forage_fish,2004,1,0.261455829,60.9897,-173.0338,60.9897,-173.0338,14.931
Forage_fish,2004,1,0.293726319,61.0475,-167.004,61.0475,-167.004,3.809
Forage_fish,2004,1,0.259073498,61.4772,-169.0077,61.4772,-169.0077,23.63
Forage_fish,2004,1,0.241723238,61.4853,-172.025,61.4853,-172.025,28.492
Forage_fish,2004,1,0.252577365,61.4868,-173.0317,61.4868,-173.0317,50.766
Forage_fish,2004,1,0.23738099,61.4907,-171.0312,61.4907,-171.0312,25.958
Forage_fish,2004,1,0.238483002,61.4925,-167.1077,61.4925,-167.1077,66.839
Forage_fish,2004,1,0.289569451,61.4995,-170.0505,61.4995,-170.0505,2.72
Forage_fish,2004,1,0.217754845,61.5163,-168.0415,61.5163,-168.0415,14.936
Forage_fish,2004,1,0.252432891,61.9743,-172.0048,61.9743,-172.0048,6.788
Forage_fish,2004,1,0.25879956,61.9758,-171.014,61.9758,-171.014,2.947
Forage_fish,2004,1,0.207843493,61.9897,-173.0125,61.9897,-173.0125,9.917
Forage_fish,2004,1,0.25047346,61.9937,-167.054,61.9937,-167.054,79.134
Forage_fish,2004,1,0.222641564,61.9955,-169.9717,61.9955,-169.9717,41.01
Forage_fish,2004,1,0.297474615,62.0037,-167.9447,62.0037,-167.9447,28.831
Forage_fish,2004,1,0.247500289,62.0065,-168.8223,62.0065,-168.8223,34.449
Forage_fish,2004,1,0.28116011,62.4855,-167.9797,62.4855,-167.9797,11.545
Forage_fish,2004,1,0.254830324,62.488,-169.0353,62.488,-169.0353,18.306
Forage_fish,2004,1,0.239839385,62.5053,-173.0387,62.5053,-173.0387,16.789
Forage_fish,2004,1,0.249977647,62.5098,-172.0353,62.5098,-172.0353,11.537
Forage_fish,2004,1,0.235205071,62.5102,-167.0223,62.5102,-167.0223,72.131
Forage_fish,2004,1,0.265202599,62.511,-171.0683,62.511,-171.0683,51.652
Forage_fish,2004,1,0.266948946,62.511,-170.0505,62.511,-170.0505,4.088
Forage_fish,2004,1,0.22938361,62.9822,-168.9803,62.9822,-168.9803,126.698
Forage_fish,2004,1,0.22462734,62.9872,-170.9795,62.9872,-170.9795,13.478
Forage_fish,2004,1,0.229278339,62.9965,-172.9397,62.9965,-172.9397,11.487
Forage_fish,2004,1,0.237733675,63.0022,-171.9458,63.0022,-171.9458,12.546
Forage_fish,2004,1,0.268903022,63.0197,-167.0245,63.0197,-167.0245,188.475
Forage_fish,2004,1,0.252796945,63.0282,-168.0243,63.0282,-168.0243,85.168
Forage_fish,2004,1,0.250638266,63.0617,-165.8383,63.0617,-165.8383,59.49
Forage_fish,2004,1,0.271097547,63.4793,-167.9792,63.4793,-167.9792,29.823
Forage_fish,2004,1,0.247582372,63.4845,-166.9837,63.4845,-166.9837,203.167
Forage_fish,2004,1,0.222151044,63.5082,-166.0063,63.5082,-166.0063,191.674
Forage_fish,2004,1,0.239269579,63.5547,-168.9627,63.5547,-168.9627,72.297
Forage_fish,2004,1,0.24038839,63.981,-167.9892,63.981,-167.9892,6.451
Forage_fish,2004,1,0.145369449,63.9937,-171.9992,63.9937,-171.9992,24.103
Forage_fish,2004,1,0.239735193,63.9957,-167.0075,63.9957,-167.0075,103.989
Forage_fish,2004,1,0.237283392,64.0085,-168.9888,64.0085,-168.9888,195.96
Forage_fish,2004,1,0.252603034,64.013,-170.0022,64.013,-170.0022,23.797
Forage_fish,2004,1,0.243699833,64.0195,-171.0172,64.0195,-171.0172,67.276
Forage_fish,2004,1,0.236480772,64.02,-166.0242,64.02,-166.0242,101.644
Forage_fish,2004,1,0.232303488,64.0767,-164.522,64.0767,-164.522,173.343
Forage_fish,2004,1,0.22789881,64.1063,-163.0517,64.1063,-163.0517,79.118
Forage_fish,2005,1,0.246145831,59.9988,-169.0288,59.9988,-169.0288,16.851
Forage_fish,2005,1,0.289960028,59.9993,-170.0405,59.9993,-170.0405,5.022
Forage_fish,2005,1,0.269009074,60.0053,-171.0852,60.0053,-171.0852,3.005
Forage_fish,2005,1,0.268303561,60.0075,-168.036,60.0075,-168.036,39.382
Forage_fish,2005,1,0.262832798,60.0192,-172.9987,60.0192,-172.9987,3.54
Forage_fish,2005,1,0.281726135,60.0192,-171.9927,60.0192,-171.9927,38.764
Forage_fish,2005,1,0.230618563,60.4992,-168.9625,60.4992,-168.9625,6.384
Forage_fish,2005,1,0.26736511,60.5032,-169.954,60.5032,-169.954,1.027
Forage_fish,2005,1,0.238598414,60.5078,-170.961,60.5078,-170.961,118.804
Forage_fish,2005,1,0.268076491,60.5162,-171.9787,60.5162,-171.9787,19.395
Forage_fish,2005,1,0.29081044,60.5228,-168.0057,60.5228,-168.0057,14.789
Forage_fish,2005,1,0.255699488,60.9847,-172.0082,60.9847,-172.0082,90.295
Forage_fish,2005,1,0.26647429,60.9857,-170.9798,60.9857,-170.9798,82.65
Forage_fish,2005,1,0.260373552,60.9858,-173.0105,60.9858,-173.0105,1.109
Forage_fish,2005,1,0.244359571,60.988,-168.9793,60.988,-168.9793,7.939
Forage_fish,2005,1,0.243817084,60.9903,-169.9813,60.9903,-169.9813,20.203
Forage_fish,2005,1,0.285575145,60.9912,-167.9783,60.9912,-167.9783,49.017
Forage_fish,2005,1,0.253129196,61.4727,-167.0298,61.4727,-167.0298,33.908
Forage_fish,2005,1,0.278337592,61.4815,-170.9842,61.4815,-170.9842,25.898
Forage_fish,2005,1,0.253281643,61.4842,-172.01,61.4842,-172.01,18.613
Forage_fish,2005,1,0.268831193,61.4845,-169.9832,61.4845,-169.9832,30.232
Forage_fish,2005,1,0.226104484,61.4863,-168.9848,61.4863,-168.9848,9.908
Forage_fish,2005,1,0.269856989,61.5,-167.9607,61.5,-167.9607,187.997
Forage_fish,2005,1,0.237492765,61.982,-171.0237,61.982,-171.0237,126.23
Forage_fish,2005,1,0.261921643,61.9865,-172.0258,61.9865,-172.0258,162.252
Forage_fish,2005,1,0.251339684,61.9893,-170.0232,61.9893,-170.0232,1.325
Forage_fish,2005,1,0.2395928,62.0018,-169.0373,62.0018,-169.0373,7.025
Forage_fish,2005,1,0.275387664,62.0178,-167.9945,62.0178,-167.9945,21.668
Forage_fish,2005,1,0.276701342,62.022,-166.991,62.022,-166.991,49.485
Forage_fish,2005,1,0.271012334,62.4773,-167.9983,62.4773,-167.9983,25.288
Forage_fish,2005,1,0.252042317,62.5063,-171.9602,62.5063,-171.9602,66.16
Forage_fish,2005,1,0.247882058,62.5123,-170.9805,62.5123,-170.9805,56.39
Forage_fish,2005,1,0.262588268,62.515,-168.9742,62.515,-168.9742,51.317
Forage_fish,2005,1,0.309280576,62.5237,-167.005,62.5237,-167.005,99.912
Forage_fish,2005,1,0.308713727,62.5338,-169.9483,62.5338,-169.9483,28.863
Forage_fish,2005,1,0.239614563,62.9922,-168.0358,62.9922,-168.0358,192.822
Forage_fish,2005,1,0.169775846,63.0025,-171.9502,63.0025,-171.9502,28.52
Forage_fish,2005,1,0.294183772,63.0212,-167.021,63.0212,-167.021,40.559
Forage_fish,2005,1,0.277959759,63.483,-168.0027,63.483,-168.0027,3.4
Forage_fish,2005,1,0.237386981,63.4865,-165.9827,63.4865,-165.9827,58.538
Forage_fish,2005,1,0.261311376,63.5012,-166.9533,63.5012,-166.9533,3.176
Forage_fish,2005,1,0.262136093,64.1253,-163.9782,64.1253,-163.9782,18.663
Forage_fish,2006,1,0.293470576,59.9817,-170.9813,59.9817,-170.9813,9.2
Forage_fish,2006,1,0.203734183,59.9828,-167.9298,59.9828,-167.9298,48.059
Forage_fish,2006,1,0.237408385,59.9833,-168.994,59.9833,-168.994,1.251
Forage_fish,2006,1,0.229548284,59.9917,-169.9923,59.9917,-169.9923,0.102
Forage_fish,2006,1,0.297867511,60.0022,-172.9562,60.0022,-172.9562,0
Forage_fish,2006,1,0.262808847,60.4805,-169.0023,60.4805,-169.0023,10.704
Forage_fish,2006,1,0.267387792,60.4812,-169.9977,60.4812,-169.9977,2.788
Forage_fish,2006,1,0.328407178,60.4817,-168.045,60.4817,-168.045,63.29
Forage_fish,2006,1,0.25565206,60.4877,-171.034,60.4877,-171.034,20.275
Forage_fish,2006,1,0.247490388,60.9798,-168.031,60.9798,-168.031,46.878
Forage_fish,2006,1,0.27428803,60.982,-171.0153,60.982,-171.0153,39.358
Forage_fish,2006,1,0.229743094,60.9868,-170.022,60.9868,-170.022,1.029
Forage_fish,2006,1,0.285695533,60.9928,-169.0083,60.9928,-169.0083,14.4755
Forage_fish,2006,1,0.273199735,61.4785,-167.9993,61.4785,-167.9993,92.285
Forage_fish,2006,1,0.274273862,61.4802,-167.3533,61.4802,-167.3533,33.076
Forage_fish,2006,1,0.248524406,61.5132,-171.979,61.5132,-171.979,43.754
Forage_fish,2006,1,0.25027473,61.5138,-168.9937,61.5138,-168.9937,1.227
Forage_fish,2006,1,0.296177605,61.5172,-169.96,61.5172,-169.96,3.408
Forage_fish,2006,1,0.303343808,61.5195,-170.9735,61.5195,-170.9735,121.274
Forage_fish,2006,1,0.276446022,61.9763,-168.9835,61.9763,-168.9835,21.333
Forage_fish,2006,1,0.243001065,61.9767,-170.0157,61.9767,-170.0157,11.02
Forage_fish,2006,1,0.271265523,61.9795,-168.021,61.9795,-168.021,35.802
Forage_fish,2006,1,0.261501178,61.9828,-166.9918,61.9828,-166.9918,86.434
Forage_fish,2006,1,0.287894878,62.0075,-171.9667,62.0075,-171.9667,0.125
Forage_fish,2006,1,0.249228878,62.0188,-170.9768,62.0188,-170.9768,25.765
Forage_fish,2006,1,0.253444052,62.4835,-170.9962,62.4835,-170.9962,12.88
Forage_fish,2006,1,0.233504187,62.488,-172.0222,62.488,-172.0222,0.338
Forage_fish,2006,1,0.225767177,62.4882,-167.017,62.4882,-167.017,87.63
Forage_fish,2006,1,0.318473566,62.5137,-169.9507,62.5137,-169.9507,65.882
Forage_fish,2006,1,0.275789555,62.518,-168.9502,62.518,-168.9502,14.381
Forage_fish,2006,1,0.273347953,62.5195,-168.0253,62.5195,-168.0253,5.519
Forage_fish,2006,1,0.221759828,62.738,-166.7548,62.738,-166.7548,65.533
Forage_fish,2006,1,0.237791096,62.9905,-167.032,62.9905,-167.032,469.021
Forage_fish,2006,1,0.291093081,63.0148,-165.9675,63.0148,-165.9675,121.412
Forage_fish,2006,1,0.26036812,63.0172,-168.0392,63.0172,-168.0392,8.561
Forage_fish,2006,1,0.247921594,63.5085,-165.9532,63.5085,-165.9532,49.915
Forage_fish,2006,1,0.287699341,63.5133,-166.9758,63.5133,-166.9758,0.048
Forage_fish,2006,1,0.357429678,63.5197,-167.9843,63.5197,-167.9843,0
Forage_fish,2006,1,0.284789473,63.5283,-172.0558,63.5283,-172.0558,0
Forage_fish,2006,1,0.28995208,64.0063,-166.058,64.0063,-166.058,11.045
Forage_fish,2006,1,0.232182016,64.0137,-172.0068,64.0137,-172.0068,0.402
Forage_fish,2006,1,0.239000471,64.0182,-171.0065,64.0182,-171.0065,0.586
Forage_fish,2006,1,0.300180019,64.019,-167.047,64.019,-167.047,0.109
Forage_fish,2006,1,0.244434633,64.0202,-169.987,64.0202,-169.987,884.111
Forage_fish,2006,1,0.260709292,64.0202,-167.977,64.0202,-167.977,0.041
Forage_fish,2006,1,0.27074154,64.022,-168.9928,64.022,-168.9928,0.124
Forage_fish,2006,1,0.247946587,64.0972,-163.9652,64.0972,-163.9652,285.025
Forage_fish,2006,1,0.258273102,64.0972,-163.0405,64.0972,-163.0405,146.085
Forage_fish,2006,1,0.266475045,64.1025,-163.4568,64.1025,-163.4568,97.884
Forage_fish,2007,1,0.239080831,59.9798,-168.9828,59.9798,-168.9828,61.211
Forage_fish,2007,1,0.241826223,59.9882,-169.9668,59.9882,-169.9668,92.639
Forage_fish,2007,1,0.231750504,59.9907,-172.0563,59.9907,-172.0563,30.111
Forage_fish,2007,1,0.275476728,60.006,-170.955,60.006,-170.955,37.271
Forage_fish,2007,1,0.289547621,60.0215,-168.0267,60.0215,-168.0267,126.784
Forage_fish,2007,1,0.225721747,60.5012,-171.9758,60.5012,-171.9758,1.467
Forage_fish,2007,1,0.221844619,60.5097,-170.0015,60.5097,-170.0015,52.78
Forage_fish,2007,1,0.291305689,60.5218,-168.9862,60.5218,-168.9862,28.73
Forage_fish,2007,1,0.26358702,60.5223,-171.027,60.5223,-171.027,38.29
Forage_fish,2007,1,0.297904853,60.5242,-168.0178,60.5242,-168.0178,8.402
Forage_fish,2007,1,0.214177034,60.9132,-171.977,60.9132,-171.977,13.101
Forage_fish,2007,1,0.224327649,60.9785,-169.0132,60.9785,-169.0132,145.39
Forage_fish,2007,1,0.238928794,60.9988,-170.9503,60.9988,-170.9503,16.327
Forage_fish,2007,1,0.247200912,61.013,-170.0275,61.013,-170.0275,189.308
Forage_fish,2007,1,0.246710933,61.0165,-168.016,61.0165,-168.016,11.118
Forage_fish,2007,1,0.206102548,61.4872,-170.9892,61.4872,-170.9892,27.412
Forage_fish,2007,1,0.249571115,61.493,-171.9608,61.493,-171.9608,11.863
Forage_fish,2007,1,0.195424134,61.502,-168.0305,61.502,-168.0305,50.879
Forage_fish,2007,1,0.314221858,61.506,-169.042,61.506,-169.042,86.469
Forage_fish,2007,1,0.263029525,61.5078,-170.054,61.5078,-170.054,0
Forage_fish,2007,1,0.290819057,61.5122,-167.1087,61.5122,-167.1087,20.664
Forage_fish,2007,1,0.255188512,61.9865,-167.0412,61.9865,-167.0412,24.241
Forage_fish,2007,1,0.260797224,61.993,-170.9597,61.993,-170.9597,29.058
Forage_fish,2007,1,0.280474456,61.9995,-169.9563,61.9995,-169.9563,55.732
Forage_fish,2007,1,0.204680431,62.0003,-168.9667,62.0003,-168.9667,36.749
Forage_fish,2007,1,0.237942556,62.0028,-167.971,62.0028,-167.971,13.169
Forage_fish,2007,1,0.265620329,62.0198,-171.9668,62.0198,-171.9668,0.879
Forage_fish,2007,1,0.365735903,62.5012,-167.016,62.5012,-167.016,13.527
Forage_fish,2007,1,0.267494051,62.5042,-168.04,62.5042,-168.04,3.464
Forage_fish,2007,1,0.29982556,62.5103,-169.0485,62.5103,-169.0485,54.05
Forage_fish,2007,1,0.236459911,62.5128,-171.9807,62.5128,-171.9807,0.017
Forage_fish,2007,1,0.29130185,62.5172,-170.034,62.5172,-170.034,7.326
Forage_fish,2007,1,0.290169538,62.532,-170.9825,62.532,-170.9825,1.878
Forage_fish,2007,1,0.258989488,62.9343,-171.9717,62.9343,-171.9717,0.446
Forage_fish,2007,1,0.249335883,62.9815,-166.9795,62.9815,-166.9795,40.405
Forage_fish,2007,1,0.279771292,63.014,-168.0643,63.014,-168.0643,359.36
Forage_fish,2007,1,0.183091376,63.434,-172.0697,63.434,-172.0697,7.948
Forage_fish,2007,1,0.284726531,63.483,-166.9743,63.483,-166.9743,38.084
Forage_fish,2007,1,0.237280301,63.4915,-167.9837,63.4915,-167.9837,110.637
Forage_fish,2007,1,0.272896595,63.5173,-166.0015,63.5173,-166.0015,18.982
Forage_fish,2007,1,0.196883213,63.9708,-170.8577,63.9708,-170.8577,0.796
Forage_fish,2007,1,0.248873208,63.991,-167.8873,63.991,-167.8873,13.49
Forage_fish,2007,1,0.223071578,63.9932,-169.8415,63.9932,-169.8415,2.236
Forage_fish,2007,1,0.235204121,63.9983,-168.9173,63.9983,-168.9173,31.588
Forage_fish,2007,1,0.238681133,64.0065,-171.6437,64.0065,-171.6437,9.263
Forage_fish,2007,1,0.294479376,64.0115,-166.0867,64.0115,-166.0867,61.258
Forage_fish,2007,1,0.24576738,64.0268,-166.9833,64.0268,-166.9833,5.858
Forage_fish,2007,1,0.279540825,64.0322,-163.532,64.0322,-163.532,26.341
Forage_fish,2007,1,0.208282337,64.4657,-170.8077,64.4657,-170.8077,2.494
Forage_fish,2007,1,0.205775961,64.4998,-170.0377,64.4998,-170.0377,18.35
Forage_fish,2007,1,0.237907153,64.5178,-168.9592,64.5178,-168.9592,106.558
Forage_fish,2007,1,0.282036899,64.552,-167.9437,64.552,-167.9437,22.964
Forage_fish,2007,1,0.282247611,64.5653,-166.9935,64.5653,-166.9935,15.516
Forage_fish,2007,1,0.241300018,65.0457,-169.7643,65.0457,-169.7643,42.64
Forage_fish,2007,1,0.275698726,65.0607,-168.968,65.0607,-168.968,443.658
Forage_fish,2007,1,0.353569731,65.135,-168.0373,65.135,-168.0373,53.78
Forage_fish,2009,1,0.211902831,60.0143,-171.0522,60.0143,-171.0522,23.508
Forage_fish,2009,1,0.165762051,60.4978,-168.0415,60.4978,-168.0415,31.099
Forage_fish,2009,1,0.195727133,60.5008,-169.9603,60.5008,-169.9603,1.255
Forage_fish,2009,1,0.190143872,60.5052,-170.9685,60.5052,-170.9685,0.303
Forage_fish,2009,1,0.238057452,60.5067,-168.9532,60.5067,-168.9532,4.884
Forage_fish,2009,1,0.205089066,60.5402,-171.9825,60.5402,-171.9825,0.598
Forage_fish,2009,1,0.21592283,60.9732,-172.0108,60.9732,-172.0108,3.566
Forage_fish,2009,1,0.19809891,60.974,-169.9695,60.974,-169.9695,9.736
Forage_fish,2009,1,0.177740611,60.993,-169.0295,60.993,-169.0295,2.227
Forage_fish,2009,1,0.213246959,61.0008,-168.0408,61.0008,-168.0408,12.674
Forage_fish,2009,1,0.196993808,61.0195,-171.0295,61.0195,-171.0295,6.375
Forage_fish,2009,1,0.206416955,61.4865,-171.9975,61.4865,-171.9975,30.574
Forage_fish,2009,1,0.17905335,61.4953,-167.0647,61.4953,-167.0647,4.578
Forage_fish,2009,1,0.220233033,61.4995,-168.9593,61.4995,-168.9593,32.665
Forage_fish,2009,1,0.181572122,61.5005,-167.984,61.5005,-167.984,14.31
Forage_fish,2009,1,0.174520475,61.502,-169.97,61.502,-169.97,0.612
Forage_fish,2009,1,0.185423146,61.5038,-170.965,61.5038,-170.965,3.64
Forage_fish,2009,1,0.191638318,61.9852,-172.0317,61.9852,-172.0317,6.705
Forage_fish,2009,1,0.179128821,61.9982,-168.0358,61.9982,-168.0358,0.876
Forage_fish,2009,1,0.205305101,61.9992,-167.0615,61.9992,-167.0615,22.983
Forage_fish,2009,1,0.219611222,61.9993,-169.0475,61.9993,-169.0475,6.554
Forage_fish,2009,1,0.208331145,62.0012,-170.0448,62.0012,-170.0448,0.037
Forage_fish,2009,1,0.206002648,62.0215,-171.0017,62.0215,-171.0017,16.738
Forage_fish,2009,1,0.214291853,62.4762,-172.0157,62.4762,-172.0157,0.015
Forage_fish,2009,1,0.202309003,62.479,-170.0212,62.479,-170.0212,6.5
Forage_fish,2009,1,0.20712858,62.4812,-167.9775,62.4812,-167.9775,10.5
Forage_fish,2009,1,0.196336625,62.4847,-167.0105,62.4847,-167.0105,10.447
Forage_fish,2009,1,0.200105368,62.4877,-171.0268,62.4877,-171.0268,0
Forage_fish,2009,1,0.208181886,62.4895,-169.0542,62.4895,-169.0542,5.152
Forage_fish,2009,1,0.213220694,62.9735,-167.0062,62.9735,-167.0062,3.428
Forage_fish,2009,1,0.204110489,62.9743,-166.0165,62.9743,-166.0165,12.353
Forage_fish,2009,1,0.215752884,63.0182,-167.7165,63.0182,-167.7165,57.854
Forage_fish,2009,1,0.199273721,63.4992,-167.9628,63.4992,-167.9628,247.967
Forage_fish,2009,1,0.185602199,63.5032,-166.975,63.5032,-166.975,1.804
Forage_fish,2009,1,0.196584374,63.5232,-166,63.5232,-166,13.914
Forage_fish,2009,1,0.19886488,63.9785,-169.0183,63.9785,-169.0183,12.41
Forage_fish,2009,1,0.19886488,63.979,-168.0233,63.979,-168.0233,30.166
Forage_fish,2009,1,0.18693019,63.9873,-170.042,63.9873,-170.042,2.816
Forage_fish,2009,1,0.192120897,64.0035,-166.1475,64.0035,-166.1475,4.399
Forage_fish,2009,1,0.170917659,64.0232,-167.0123,64.0232,-167.0123,5.029
Forage_fish,2009,1,0.199556221,64.0602,-171.3567,64.0602,-171.3567,1.213
Forage_fish,2009,1,0.201697904,64.0798,-164.4642,64.0798,-164.4642,2.007
Forage_fish,2009,1,0.200408408,64.1088,-164.1075,64.1088,-164.1075,8.666
Forage_fish,2009,1,0.220796386,64.1458,-163.0672,64.1458,-163.0672,13.21
Forage_fish,2009,1,0.179447885,64.4845,-167.015,64.4845,-167.015,1.551
Forage_fish,2009,1,0.211336217,64.4918,-167.9997,64.4918,-167.9997,89.91
Forage_fish,2010,1,0.17239555,59.9788,-172.0012,59.9788,-172.0012,0.639
Forage_fish,2010,1,0.210445254,60.0168,-168.1598,60.0168,-168.1598,100.922
Forage_fish,2010,1,0.149182376,60.0172,-169.9975,60.0172,-169.9975,3.887
Forage_fish,2010,1,0.193139308,60.0194,-171.002,60.0194,-171.002,2.845
Forage_fish,2010,1,0.20805514,60.0282,-169.0277,60.0282,-169.0277,22.304
Forage_fish,2010,1,0.17226431,60.4782,-172.0128,60.4782,-172.0128,0.097
Forage_fish,2010,1,0.178893519,60.4905,-169.0406,60.4905,-169.0406,14.073
Forage_fish,2010,1,0.171818454,60.4995,-170.0436,60.4995,-170.0436,13.36
Forage_fish,2010,1,0.124129122,60.5019,-168.0027,60.5019,-168.0027,62.333
Forage_fish,2010,1,0.194281678,60.5417,-171.0015,60.5417,-171.0015,3.035
Forage_fish,2010,1,0.180608249,60.9775,-172.006,60.9775,-172.006,12.204
Forage_fish,2010,1,0.14500131,60.9965,-168.9648,60.9965,-168.9648,13.838
Forage_fish,2010,1,0.128104401,60.9988,-169.9709,60.9988,-169.9709,1.266
Forage_fish,2010,1,0.192554414,60.9996,-170.9456,60.9996,-170.9456,2.92
Forage_fish,2010,1,0.147023636,61,-167.165,61,-167.165,1.946
Forage_fish,2010,1,0.173352215,61.0089,-167.9713,61.0089,-167.9713,1.388
Forage_fish,2010,1,0.174988741,61.4996,-167.047,61.4996,-167.047,0.777
Forage_fish,2010,1,0.160858043,61.4998,-170.0371,61.4998,-170.0371,0.328
Forage_fish,2010,1,0.205422091,61.5007,-168.0633,61.5007,-168.0633,1.186
Forage_fish,2010,1,0.111550326,61.5054,-169.0504,61.5054,-169.0504,10.483
Forage_fish,2010,1,0.176964133,61.5117,-171.9957,61.5117,-171.9957,66.193
Forage_fish,2010,1,0.15794685,61.5169,-171.0027,61.5169,-171.0027,0.489
Forage_fish,2010,1,0.174474739,61.9853,-171.9928,61.9853,-171.9928,0
Forage_fish,2010,1,0.155354966,61.9888,-171.0134,61.9888,-171.0134,0.211
Forage_fish,2010,1,0.184013343,62.0012,-167.0343,62.0012,-167.0343,1.77
Forage_fish,2010,1,0.168595573,62.002,-168.043,62.002,-168.043,2.574
Forage_fish,2010,1,0.155015273,62.018,-169.0237,62.018,-169.0237,0.13
Forage_fish,2010,1,0.164311929,62.0183,-170.0174,62.0183,-170.0174,0.297
Forage_fish,2010,1,0.177206492,62.4768,-172.0258,62.4768,-172.0258,10.735
Forage_fish,2010,1,0.20016769,62.4807,-167.002,62.4807,-167.002,1.741
Forage_fish,2010,1,0.160928959,62.501,-169.0302,62.501,-169.0302,2.093
Forage_fish,2010,1,0.170136148,62.5021,-170.0383,62.5021,-170.0383,5.907
Forage_fish,2010,1,0.123820892,62.5046,-168.0326,62.5046,-168.0326,3.7
Forage_fish,2010,1,0.164742255,62.5214,-170.9947,62.5214,-170.9947,0.27
Forage_fish,2010,1,0.177465823,63,-166.9535,63,-166.9535,0.266
Forage_fish,2010,1,0.168150514,63.0008,-167.6285,63.0008,-167.6285,1.251
Forage_fish,2010,1,0.191561348,63.0208,-165.998,63.0208,-165.998,2.337
Forage_fish,2010,1,0.17011626,63.5008,-167.0615,63.5008,-167.0615,2.692
Forage_fish,2010,1,0.174973283,63.5025,-166.1138,63.5025,-166.1138,15.093
Forage_fish,2010,1,0.162820545,63.5251,-168.0471,63.5251,-168.0471,2.017
Forage_fish,2010,1,0.182935896,63.8106,-164.5288,63.8106,-164.5288,20.619
Forage_fish,2010,1,0.201240494,63.8116,-162.7886,63.8116,-162.7886,37.51
Forage_fish,2010,1,0.226930004,63.853,-163.3054,63.853,-163.3054,51.765
Forage_fish,2010,1,0.186369495,63.9753,-168.9843,63.9753,-168.9843,6.806
Forage_fish,2010,1,0.174150792,63.9893,-169.9732,63.9893,-169.9732,6.018
Forage_fish,2010,1,0.194570003,63.9915,-166.0466,63.9915,-166.0466,10.215
Forage_fish,2010,1,0.177281107,63.9981,-168.0143,63.9981,-168.0143,1.652
Forage_fish,2010,1,0.174590059,64.0047,-167.0448,64.0047,-167.0448,268.68
Forage_fish,2010,1,0.186431182,64.0688,-163.5,64.0688,-163.5,53.392
Forage_fish,2010,1,0.195167414,64.073,-162.7241,64.073,-162.7241,33.551
Forage_fish,2010,1,0.18344194,64.0795,-164.5503,64.0795,-164.5503,20.484
Forage_fish,2010,1,0.136229282,64.3341,-165.0228,64.3341,-165.0228,33.765
Forage_fish,2010,1,0.117412006,64.3381,-166.011,64.3381,-166.011,11.461
Forage_fish,2010,1,0.162040244,64.4755,-167.999,64.4755,-167.999,15.313
Forage_fish,2010,1,0.090715544,64.4757,-169.9935,64.4757,-169.9935,50.424
Forage_fish,2010,1,0.181286258,64.4817,-167.0488,64.4817,-167.0488,68.77
Forage_fish,2010,1,0.169728828,64.4853,-169.0267,64.4853,-169.0267,33.871
Forage_fish,2010,1,0.188970929,64.9763,-168.9902,64.9763,-168.9902,752.466
Forage_fish,2010,1,0.184168991,65.0752,-167.9963,65.0752,-167.9963,12.593
Forage_fish,2010,1,0.221274525,65.4717,-167.9865,65.4717,-167.9865,11.986
Forage_fish,2011,1,0.257559171,59.9985,-169.0568,59.9985,-169.0568,0.893
Forage_fish,2011,1,0.270386337,60.0058,-170.0558,60.0058,-170.0558,19.112
Forage_fish,2011,1,0.225607547,60.019,-168.0382,60.019,-168.0382,1.412
Forage_fish,2011,1,0.238355842,60.0275,-170.9702,60.0275,-170.9702,1.206
Forage_fish,2011,1,0.24022381,60.4893,-169.8938,60.4893,-169.8938,0.951
Forage_fish,2011,1,0.213849271,60.4945,-168.9874,60.4945,-168.9874,0
Forage_fish,2011,1,0.282932633,60.4981,-167.9374,60.4981,-167.9374,6.65
Forage_fish,2011,1,0.208524959,60.5026,-170.9335,60.5026,-170.9335,13.492
Forage_fish,2011,1,0.251457737,60.5249,-166.9963,60.5249,-166.9963,13.98
Forage_fish,2011,1,0.247352592,60.9747,-171.0734,60.9747,-171.0734,0.122
Forage_fish,2011,1,0.255996255,60.9906,-170.1195,60.9906,-170.1195,1.758
Forage_fish,2011,1,0.263628034,61.0004,-167.0464,61.0004,-167.0464,20.647
Forage_fish,2011,1,0.286885788,61.0007,-168.0741,61.0007,-168.0741,17.855
Forage_fish,2011,1,0.276447049,61.0032,-169.0534,61.0032,-169.0534,4.722
Forage_fish,2011,1,0.242848117,61.4965,-168.9452,61.4965,-168.9452,5.426
Forage_fish,2011,1,0.205249903,61.4984,-170.9826,61.4984,-170.9826,0.626
Forage_fish,2011,1,0.271293988,61.5011,-168.0561,61.5011,-168.0561,14.444
Forage_fish,2011,1,0.211866972,61.51,-170.0359,61.51,-170.0359,15.47
Forage_fish,2011,1,0.258664175,61.5347,-167.0019,61.5347,-167.0019,14.231
Forage_fish,2011,1,0.214916264,62.0006,-168.0358,62.0006,-168.0358,0.582
Forage_fish,2011,1,0.247543218,62.0031,-169.0631,62.0031,-169.0631,3.107
Forage_fish,2011,1,0.266204316,62.0051,-170.0591,62.0051,-170.0591,0.232
Forage_fish,2011,1,0.243677367,62.0063,-167.0585,62.0063,-167.0585,63.53
Forage_fish,2011,1,0.239684317,62.0213,-171.0144,62.0213,-171.0144,0.055
Forage_fish,2011,1,0.273551092,62.4713,-166.9902,62.4713,-166.9902,72.734
Forage_fish,2011,1,0.276568091,62.4747,-169.0555,62.4747,-169.0555,0.844
Forage_fish,2011,1,0.243676563,62.4764,-168.0167,62.4764,-168.0167,97.236
Forage_fish,2011,1,0.232452149,62.4938,-169.9556,62.4938,-169.9556,0.929
Forage_fish,2011,1,0.27376827,62.5034,-170.9547,62.5034,-170.9547,2.123
Forage_fish,2011,1,0.275900435,62.9752,-167.0115,62.9752,-167.0115,75.256
Forage_fish,2011,1,0.277923767,63.0109,-167.735,63.0109,-167.735,390.749
Forage_fish,2011,1,0.24081028,63.0239,-165.9805,63.0239,-165.9805,143.199
Forage_fish,2011,1,0.241212567,63.5165,-165.9518,63.5165,-165.9518,93.507
Forage_fish,2011,1,0.281473362,63.518,-167.9485,63.518,-167.9485,21.668
Forage_fish,2011,1,0.247895236,63.5243,-166.9778,63.5243,-166.9778,453.473
Forage_fish,2011,1,0.245508686,63.75,-161.548,63.75,-161.548,4.092
Forage_fish,2011,1,0.243432768,63.7522,-162.4566,63.7522,-162.4566,1.652
Forage_fish,2011,1,0.285441145,63.7712,-163.53,63.7712,-163.53,99.128
Forage_fish,2011,1,0.233085119,63.7737,-164.5018,63.7737,-164.5018,59.335
Forage_fish,2011,1,0.273335321,63.9855,-171.0566,63.9855,-171.0566,1.042
Forage_fish,2011,1,0.217757845,64.0001,-170.0352,64.0001,-170.0352,0.198
Forage_fish,2011,1,0.261952239,64.0027,-169.0672,64.0027,-169.0672,0
Forage_fish,2011,1,0.255633495,64.0074,-168.0707,64.0074,-168.0707,0.424
Forage_fish,2011,1,0.303983198,64.0254,-165.9839,64.0254,-165.9839,244.308
Forage_fish,2011,1,0.257200386,64.0286,-166.9825,64.0286,-166.9825,54.288
Forage_fish,2011,1,0.252543147,64.101,-163.5884,64.101,-163.5884,235.611
Forage_fish,2011,1,0.244490513,64.1015,-161.5557,64.1015,-161.5557,19.933
Forage_fish,2011,1,0.250854956,64.1047,-164.5493,64.1047,-164.5493,167.153
Forage_fish,2011,1,0.265402802,64.106,-162.6749,64.106,-162.6749,101.589
Forage_fish,2011,1,0.285056946,64.38,-166.0889,64.38,-166.0889,519.419
Forage_fish,2011,1,0.23671778,64.483,-169.0073,64.483,-169.0073,18.873
Forage_fish,2011,1,0.26058082,64.4966,-169.9614,64.4966,-169.9614,1.737
Forage_fish,2011,1,0.257242753,64.503,-167.0504,64.503,-167.0504,38.556
Forage_fish,2011,1,0.256793027,64.5271,-168.0043,64.5271,-168.0043,7.195
Forage_fish,2011,1,0.255949396,64.9873,-169.0276,64.9873,-169.0276,0.094
Forage_fish,2011,1,0.283649076,65.0593,-167.9356,65.0593,-167.9356,0.741
Forage_fish,2011,1,0.234384401,65.4907,-168.4718,65.4907,-168.4718,13.803
Forage_fish,2012,1,0.20504426,59.9715,-171.0207,59.9715,-171.0207,9.968
Forage_fish,2012,1,0.205855031,59.9928,-168.0369,59.9928,-168.0369,0.214
Forage_fish,2012,1,0.176734749,60.0039,-168.0243,60.0039,-168.0243,21.856
Forage_fish,2012,1,0.218387044,60.0126,-168.9238,60.0126,-168.9238,0.732
Forage_fish,2012,1,0.231615496,60.0264,-171.9442,60.0264,-171.9442,0.74
Forage_fish,2012,1,0.190755051,60.487,-168.9802,60.487,-168.9802,29.159
Forage_fish,2012,1,0.279727334,60.5202,-167.0459,60.5202,-167.0459,16.493
Forage_fish,2012,1,0.223885563,60.5444,-168.0078,60.5444,-168.0078,29.981667
Forage_fish,2012,1,0.190965006,60.9877,-168.0039,60.9877,-168.0039,10.521
Forage_fish,2012,1,0.204099715,60.9879,-168.9737,60.9879,-168.9737,43.828
Forage_fish,2012,1,0.235371632,61.0548,-167.0174,61.0548,-167.0174,42.093
Forage_fish,2012,1,0.215366255,61.48,-169.0151,61.48,-169.0151,4.736
Forage_fish,2012,1,0.206846569,61.483,-167.0028,61.483,-167.0028,2.015
Forage_fish,2012,1,0.218433259,61.485,-167.9848,61.485,-167.9848,7.378
Forage_fish,2012,1,0.222987589,61.9828,-169.0128,61.9828,-169.0128,380.684
Forage_fish,2012,1,0.249626491,61.984,-167.9579,61.984,-167.9579,5.851
Forage_fish,2012,1,0.196956698,61.9887,-167.0053,61.9887,-167.0053,22.722
Forage_fish,2012,1,0.188367082,62.4848,-167.9827,62.4848,-167.9827,0.27
Forage_fish,2012,1,0.207509223,62.4891,-169.0283,62.4891,-169.0283,1.424
Forage_fish,2012,1,0.188631542,62.5035,-167.0266,62.5035,-167.0266,14.589
Forage_fish,2012,1,0.216878122,62.9813,-167.0176,62.9813,-167.0176,2.29
Forage_fish,2012,1,0.228215296,62.9865,-166.0297,62.9865,-166.0297,26.758
Forage_fish,2012,1,0.222108424,63.0631,-167.715,63.0631,-167.715,30.786
Forage_fish,2012,1,0.234320693,63.4781,-167.0069,63.4781,-167.0069,343.659
Forage_fish,2012,1,0.218760341,63.4811,-168.0028,63.4811,-168.0028,2.803
Forage_fish,2012,1,0.216378383,63.4845,-165.9985,63.4845,-165.9985,9.56
Forage_fish,2012,1,0.185726393,63.7641,-164.5197,63.7641,-164.5197,50.08
Forage_fish,2012,1,0.087237188,63.7707,-163.5409,63.7707,-163.5409,0.0463272
Forage_fish,2012,1,0.222263408,63.9727,-166.9765,63.9727,-166.9765,19.054
Forage_fish,2012,1,0.198928648,63.9817,-168.0052,63.9817,-168.0052,0.326
Forage_fish,2012,1,0.202225797,63.9823,-169.0008,63.9823,-169.0008,18.34
Forage_fish,2012,1,0.21605411,64.0142,-169.9855,64.0142,-169.9855,0.538
Forage_fish,2012,1,0.226600007,64.0265,-165.9854,64.0265,-165.9854,8.362
Forage_fish,2012,1,0.262199336,64.091,-164.4417,64.091,-164.4417,51.226
Forage_fish,2012,1,0.231980722,64.1031,-163.5449,64.1031,-163.5449,6.832
Forage_fish,2012,1,0.207351847,64.3983,-166.073,64.3983,-166.073,5.392
Forage_fish,2012,1,0.204875734,64.4843,-169.9905,64.4843,-169.9905,0.002
Forage_fish,2012,1,0.21393983,64.4862,-168.9903,64.4862,-168.9903,1.787
Forage_fish,2012,1,0.205515517,64.5061,-167.0526,64.5061,-167.0526,0.635
Forage_fish,2012,1,0.224103261,64.5234,-168.0085,64.5234,-168.0085,0.906
Forage_fish,2012,1,0.201706396,65.0053,-168.9583,65.0053,-168.9583,0.212
Forage_fish,2012,1,0.214751316,65.0387,-167.983,65.0387,-167.983,3.623
Forage_fish,2013,1,0.258189898,60.5001,-167.0633,60.5001,-167.0633,94.629
Forage_fish,2013,1,0.166618899,60.5123,-167.9744,60.5123,-167.9744,90.156
Forage_fish,2013,1,0.212940843,60.9753,-166.9988,60.9753,-166.9988,61.698
Forage_fish,2013,1,0.173154675,60.999,-168.9587,60.999,-168.9587,5.09
Forage_fish,2013,1,0.241033035,61.0039,-167.9427,61.0039,-167.9427,77.054
Forage_fish,2013,1,0.191626219,61.0091,-169.9711,61.0091,-169.9711,26.652
Forage_fish,2013,1,0.216204047,61.4654,-169.9748,61.4654,-169.9748,9.31
Forage_fish,2013,1,0.167485595,61.5034,-169.0186,61.5034,-169.0186,66.307
Forage_fish,2013,1,0.216960959,61.5219,-168.0498,61.5219,-168.0498,13.611
Forage_fish,2013,1,0.198156434,61.5273,-167.0362,61.5273,-167.0362,75.168
Forage_fish,2013,1,0.222257733,61.9604,-166.9888,61.9604,-166.9888,6.871
Forage_fish,2013,1,0.177092506,61.9931,-167.9582,61.9931,-167.9582,13.105
Forage_fish,2013,1,0.190645848,62.0074,-169.9549,62.0074,-169.9549,29.17445
Forage_fish,2013,1,0.153207534,62.0222,-168.9656,62.0222,-168.9656,15.29
Forage_fish,2013,1,0.191689426,62.485,-169.995,62.485,-169.995,125.08
Forage_fish,2013,1,0.202248927,62.5047,-168.0745,62.5047,-168.0745,2.538
Forage_fish,2013,1,0.179664049,62.5061,-169.0353,62.5061,-169.0353,160.163
Forage_fish,2013,1,0.199397428,62.5084,-167.0392,62.5084,-167.0392,26.152
Forage_fish,2013,1,0.217080887,62.9783,-166.0085,62.9783,-166.0085,85.94
Forage_fish,2013,1,0.190274158,63.0019,-167.6948,63.0019,-167.6948,15.626
Forage_fish,2013,1,0.211099722,63.0287,-167.01,63.0287,-167.01,24.905
Forage_fish,2013,1,0.223317073,63.4665,-167.9651,63.4665,-167.9651,0.283
Forage_fish,2013,1,0.202057424,63.5078,-166.0559,63.5078,-166.0559,2.821
Forage_fish,2013,1,0.179693599,63.5295,-167.0079,63.5295,-167.0079,16.041
Forage_fish,2013,1,0.254713579,63.7509,-163.595,63.7509,-163.595,19.917
Forage_fish,2013,1,0.223037662,63.7594,-162.5278,63.7594,-162.5278,48.158
Forage_fish,2013,1,0.242529072,63.7603,-164.5671,63.7603,-164.5671,94.85
Forage_fish,2013,1,0.239557939,63.998,-169.9157,63.998,-169.9157,0.239
Forage_fish,2013,1,0.205470089,63.999,-167.9439,63.999,-167.9439,547.562
Forage_fish,2013,1,0.189786874,64.0065,-166.9483,64.0065,-166.9483,0.5
Forage_fish,2013,1,0.194914666,64.021,-169.0014,64.021,-169.0014,0.336
Forage_fish,2013,1,0.210412249,64.0306,-166.0027,64.0306,-166.0027,15.73
Forage_fish,2013,1,0.203605398,64.079,-163.5085,64.079,-163.5085,24.392
Forage_fish,2013,1,0.168176008,64.1,-164.4611,64.1,-164.4611,10.797
Forage_fish,2013,1,0.224915742,64.1001,-162.331,64.1001,-162.331,44.3597
Forage_fish,2013,1,0.232207746,64.4214,-166.0568,64.4214,-166.0568,85.48
Forage_fish,2013,1,0.205603894,64.4798,-170.0237,64.4798,-170.0237,0.159
Forage_fish,2013,1,0.207458272,64.4836,-169.0097,64.4836,-169.0097,0.01
Forage_fish,2013,1,0.195161226,64.5003,-168.0437,64.5003,-168.0437,62.246
Forage_fish,2013,1,0.22776976,64.517,-167.0882,64.517,-167.0882,4.925
Forage_fish,2013,1,0.183861663,64.9808,-167.7047,64.9808,-167.7047,5.137
Forage_fish,2013,1,0.20219852,64.9987,-168.9717,64.9987,-168.9717,8.786
Forage_fish,2013,1,0.19243328,65.3956,-168.0639,65.3956,-168.0639,0.067
Forage_fish,2014,1,0.207584742,59.9736,-168.0016,59.9736,-168.0016,221.359
Forage_fish,2014,1,0.177471325,60.0009,-169.9425,60.0009,-169.9425,141.378
Forage_fish,2014,1,0.213393984,60.0131,-168.8924,60.0131,-168.8924,83.185
Forage_fish,2014,1,0.193720658,60.4684,-170.0024,60.4684,-170.0024,176.612
Forage_fish,2014,1,0.207218543,60.494,-168.0705,60.494,-168.0705,555.81
Forage_fish,2014,1,0.172868755,60.5013,-169.0448,60.5013,-169.0448,78.541
Forage_fish,2014,1,0.193903806,60.9669,-171.0056,60.9669,-171.0056,484.798
Forage_fish,2014,1,0.209310415,60.9694,-167.0073,60.9694,-167.0073,36.861
Forage_fish,2014,1,0.216506524,60.9818,-168.9618,60.9818,-168.9618,70.785
Forage_fish,2014,1,0.171491143,60.9831,-169.9854,60.9831,-169.9854,141.728
Forage_fish,2014,1,0.186471985,60.9874,-167.991,60.9874,-167.991,439.856
Forage_fish,2014,1,0.204312492,61.4404,-170.9322,61.4404,-170.9322,46.577
Forage_fish,2014,1,0.202362497,61.478,-169.0372,61.478,-169.0372,65.2
Forage_fish,2014,1,0.183504361,61.482,-170.0099,61.482,-170.0099,151.817
Forage_fish,2014,1,0.206944546,61.4942,-168.0829,61.4942,-168.0829,78.02
Forage_fish,2014,1,0.163940472,61.4956,-167.0411,61.4956,-167.0411,55.075
Forage_fish,2014,1,0.174876388,61.9832,-166.9833,61.9832,-166.9833,12.929
Forage_fish,2014,1,0.189218481,62.0045,-167.9353,62.0045,-167.9353,41.024
Forage_fish,2014,1,0.172879629,62.0106,-168.9414,62.0106,-168.9414,78.68
Forage_fish,2014,1,0.183944883,62.0212,-169.9405,62.0212,-169.9405,93.04319
Forage_fish,2014,1,0.199100326,62.457,-169.9971,62.457,-169.9971,104.175
Forage_fish,2014,1,0.200927229,62.4687,-170.9966,62.4687,-170.9966,263.191
Forage_fish,2014,1,0.184370717,62.496,-168.0736,62.496,-168.0736,29.92
Forage_fish,2014,1,0.153849488,62.4994,-169.0414,62.4994,-169.0414,107.093
Forage_fish,2014,1,0.205790446,62.5019,-167.0745,62.5019,-167.0745,47.001
Forage_fish,2014,1,0.188014412,63.0216,-166.0535,63.0216,-166.0535,17.36
Forage_fish,2014,1,0.174298737,63.0253,-167.6119,63.0253,-167.6119,0.753
Forage_fish,2014,1,0.205165692,63.0284,-167.0138,63.0284,-167.0138,16.698
Forage_fish,2014,1,0.197724848,63.5261,-166.0164,63.5261,-166.0164,12.128
Forage_fish,2014,1,0.209103887,63.5324,-166.999,63.5324,-166.999,80.798
Forage_fish,2014,1,0.212770907,63.5344,-168.0334,63.5344,-168.0334,14.387
Forage_fish,2014,1,0.211462769,63.8022,-163.5436,63.8022,-163.5436,0.22
Forage_fish,2014,1,0.178964568,63.8074,-164.4766,63.8074,-164.4766,80.808
Forage_fish,2014,1,0.19121967,63.8557,-162.7224,63.8557,-162.7224,68.722
Forage_fish,2014,1,0.20203134,63.9856,-165.9637,63.9856,-165.9637,9.839
Forage_fish,2014,1,0.194955253,64.0054,-166.9413,64.0054,-166.9413,357.301
Forage_fish,2014,1,0.207080642,64.0055,-167.9238,64.0055,-167.9238,29.158
Forage_fish,2014,1,0.1958047,64.1072,-164.4236,64.1072,-164.4236,73.408
Forage_fish,2014,1,0.167623792,64.114,-163.4448,64.114,-163.4448,11.684
Forage_fish,2014,1,0.216681372,64.1319,-162.4962,64.1319,-162.4962,31.185
Forage_fish,2014,1,0.206966382,64.408,-166.0763,64.408,-166.0763,6.234
Forage_fish,2014,1,0.178957873,64.5008,-167.0954,64.5008,-167.0954,87.472
Forage_fish,2014,1,0.194054532,64.5301,-169.0352,64.5301,-169.0352,0.94
Forage_fish,2014,1,0.218994669,64.5382,-168.0499,64.5382,-168.0499,57.338
Forage_fish,2014,1,0.176970063,64.9744,-167.5055,64.9744,-167.5055,18.987
Forage_fish,2014,1,0.213796545,65.0293,-168.9663,65.0293,-168.9663,4.013
Forage_fish,2014,1,0.134982317,65.3794,-167.9743,65.3794,-167.9743,9.606
Forage_fish,2015,1,0.169524888,59.9925,-167.9987,59.9925,-167.9987,46.431
Forage_fish,2015,1,0.202705313,59.9997,-169.0325,59.9997,-169.0325,8.955
Forage_fish,2015,1,0.210252538,60.0066,-170.0335,60.0066,-170.0335,68.87078
Forage_fish,2015,1,0.13130845,60.5001,-167.0123,60.5001,-167.0123,75.562
Forage_fish,2015,1,0.169218569,60.5058,-168.9783,60.5058,-168.9783,70.924
Forage_fish,2015,1,0.17331173,60.5136,-167.9652,60.5136,-167.9652,101.59
Forage_fish,2015,1,0.239630656,60.515,-169.9265,60.515,-169.9265,23.494
Forage_fish,2015,1,0.166664536,60.9858,-169.0235,60.9858,-169.0235,1.84
Forage_fish,2015,1,0.190460518,60.9923,-170.034,60.9923,-170.034,2.299
Forage_fish,2015,1,0.247272454,60.9958,-168.1148,60.9958,-168.1148,47.212
Forage_fish,2015,1,0.214166859,61.0021,-167.062,61.0021,-167.062,36.543
Forage_fish,2015,1,0.194055336,61.4968,-168.0328,61.4968,-168.0328,9.764
Forage_fish,2015,1,0.198164188,61.5049,-169.9597,61.5049,-169.9597,72.7122543
Forage_fish,2015,1,0.240934766,61.5119,-168.9115,61.5119,-168.9115,17.9208034
Forage_fish,2015,1,0.223213811,61.5175,-167.0308,61.5175,-167.0308,15.46
Forage_fish,2015,1,0.196198569,61.9794,-167.0223,61.9794,-167.0223,7.94
Forage_fish,2015,1,0.207185638,61.986,-168.9918,61.986,-168.9918,44.99
Forage_fish,2015,1,0.174073584,61.9908,-167.9975,61.9908,-167.9975,3.424
Forage_fish,2015,1,0.198347421,62.0066,-170.0337,62.0066,-170.0337,9.308
Forage_fish,2015,1,0.19054489,62.4789,-168.9877,62.4789,-168.9877,25.51261
Forage_fish,2015,1,0.184212637,62.5165,-167.9962,62.5165,-167.9962,69.8610144
Forage_fish,2015,1,0.210151558,62.5226,-167.0362,62.5226,-167.0362,15.04
Forage_fish,2015,1,0.200965766,62.9785,-165.9722,62.9785,-165.9722,124.928
Forage_fish,2015,1,0.194386739,62.9888,-167.5633,62.9888,-167.5633,0
Forage_fish,2015,1,0.210383996,63.0171,-167.0577,63.0171,-167.0577,85.72809
Forage_fish,2015,1,0.20156357,63.4762,-167.02,63.4762,-167.02,54.572
Forage_fish,2015,1,0.183852185,63.5071,-167.9872,63.5071,-167.9872,70.243898
Forage_fish,2015,1,0.222686058,63.5191,-165.959,63.5191,-165.959,79.78
Forage_fish,2015,1,0.19888022,64.0058,-166.019,64.0058,-166.019,28.3038388
Forage_fish,2015,1,0.173759052,64.0085,-168.0017,64.0085,-168.0017,17.056
Forage_fish,2015,1,0.218553409,64.0206,-167.0005,64.0206,-167.0005,9.0831298
Forage_fish,2015,1,0.172966913,64.0575,-164.654,64.0575,-164.654,48.5528
Forage_fish,2015,1,0.183229345,64.0991,-162.8837,64.0991,-162.8837,50.052945
Forage_fish,2015,1,0.191629306,64.1064,-163.7995,64.1064,-163.7995,57.4788
Forage_fish,2015,1,0.194854654,64.4902,-167.021,64.4902,-167.021,33.93773078
Forage_fish,2015,1,0.167732795,64.9935,-167.7113,64.9935,-167.7113,199.212
Forage_fish,2015,1,0.19221227,65.3613,-168.025,65.3613,-168.025,1.352
Forage_fish,2016,1,0.214851143,59.9815,-169.0408,59.9815,-169.0408,69.362
Forage_fish,2016,1,0.166999123,59.9839,-168.0187,59.9839,-168.0187,146.265
Forage_fish,2016,1,0.234720627,60.4661,-168.0631,60.4661,-168.0631,52.828
Forage_fish,2016,1,0.215519299,60.484,-167.0294,60.484,-167.0294,76.585
Forage_fish,2016,1,0.189771426,60.4863,-170.036,60.4863,-170.036,29.69399276
Forage_fish,2016,1,0.199244943,60.5208,-168.9834,60.5208,-168.9834,6.639
Forage_fish,2016,1,0.200325864,60.9815,-168.0135,60.9815,-168.0135,2.61
Forage_fish,2016,1,0.177376997,60.9869,-167.0076,60.9869,-167.0076,25.047
Forage_fish,2016,1,0.198925445,61.019,-168.9799,61.019,-168.9799,19.563
Forage_fish,2016,1,0.229891177,61.0252,-169.9654,61.0252,-169.9654,8.962
Forage_fish,2016,1,0.206648381,61.4829,-168.0408,61.4829,-168.0408,50.037
Forage_fish,2016,1,0.203979081,61.5115,-167.2569,61.5115,-167.2569,82.215
Forage_fish,2016,1,0.226596584,61.518,-168.9816,61.518,-168.9816,10.781
Forage_fish,2016,1,0.200421818,61.5257,-170.0109,61.5257,-170.0109,11.315
Forage_fish,2016,1,0.186955934,62.0232,-169.9906,62.0232,-169.9906,5.407
Forage_fish,2016,1,0.206743716,62.0308,-168.9472,62.0308,-168.9472,0.973
Forage_fish,2016,1,0.208789082,62.0337,-167.9779,62.0337,-167.9779,8.458
Forage_fish,2016,1,0.246564381,62.044,-166.9737,62.044,-166.9737,5.078
Forage_fish,2016,1,0.20749629,62.4523,-168.9639,62.4523,-168.9639,1.115
Forage_fish,2016,1,0.22122664,62.4953,-167.9866,62.4953,-167.9866,8.457
Forage_fish,2016,1,0.174691016,62.5221,-166.9863,62.5221,-166.9863,29.494
Forage_fish,2016,1,0.209713919,62.5264,-169.9969,62.5264,-169.9969,2.251
Forage_fish,2016,1,0.172466808,62.9594,-167.0319,62.9594,-167.0319,2.525
Forage_fish,2016,1,0.109077175,63.0001,-165.9692,63.0001,-165.9692,35.464
Forage_fish,2016,1,0.226095189,63.4948,-165.9136,63.4948,-165.9136,71.081
Forage_fish,2016,1,0.059024238,63.5071,-166.8981,63.5071,-166.8981,6.679
Forage_fish,2016,1,0.229884488,63.5206,-167.9616,63.5206,-167.9616,15.09
Forage_fish,2016,1,0.206130857,63.9892,-166.9336,63.9892,-166.9336,12.652
Forage_fish,2016,1,0.103707224,63.9955,-165.8369,63.9955,-165.8369,12.3
Forage_fish,2016,1,0.195264878,64.012,-168.9788,64.012,-168.9788,0.145
Forage_fish,2016,1,0.213948466,64.0245,-167.9717,64.0245,-167.9717,5.317
Forage_fish,2016,1,0.211223475,65.0041,-169.1548,65.0041,-169.1548,1.585
Forage_fish,2016,1,0.192033533,65.0069,-167.622,65.0069,-167.622,7.877
Forage_fish,2016,1,0.240549936,65.3937,-168.0805,65.3937,-168.0805,0.118
